{
"metabolites":[
{
"id":"transAT-PKS_0",
"name":"transAT-PKS",
"compartment":"d",
"formula":"unknown"
},
{
"id":"transAT-PKS_1",
"name":"transAT-PKS",
"compartment":"d",
"formula":"unknown"
},
{
"id":"accoa_c",
"name":"Acetyl-CoA",
"compartment":"c",
"charge":-4,
"formula":"C23H34N7O17P3S",
"annotation":{
"bigg.metabolite":"accoa_c",
"biocyc":"ACETYL-COA",
"chebi":"13712",
"kegg.compound":"C00024",
"metanetx.chemical":"MNXM21",
"origin":"iMK1208"
}
},
{
"id":"malcoa_c",
"name":"Malonyl-CoA",
"compartment":"c",
"charge":-5,
"formula":"C24H33N7O19P3S",
"annotation":{
"bigg.metabolite":"malcoa_c",
"biocyc":"MALONYL-COA",
"chebi":"14565",
"kegg.compound":"C00083",
"metanetx.chemical":"MNXM40",
"origin":"iMK1208"
}
},
{
"id":"co2_c",
"name":"CO2",
"compartment":"c",
"charge":0,
"formula":"CO2",
"annotation":{
"bigg.metabolite":"co2_c",
"biocyc":"CARBON-DIOXIDE",
"chebi":"13282",
"kegg.compound":"C00011",
"metanetx.chemical":"MNXM90191",
"origin":"iMK1208"
}
},
{
"id":"coa_c",
"name":"Coenzyme A",
"compartment":"c",
"charge":-4,
"formula":"C21H32N7O16P3S",
"annotation":{
"bigg.metabolite":"coa_c",
"biocyc":"CO-A",
"chebi":"13294",
"kegg.compound":"C00010",
"metanetx.chemical":"MNXM12",
"origin":"iMK1208"
}
},
{
"id":"transAT-PKS_2",
"name":"transAT-PKS",
"compartment":"d",
"formula":"unknown"
},
{
"id":"asn__L_c",
"name":"L-Asparagine",
"compartment":"c",
"charge":0,
"formula":"C4H8N2O3",
"annotation":{
"bigg.metabolite":"asn__L_c",
"biocyc":"ASN",
"chebi":"13083",
"kegg.compound":"C00152",
"metanetx.chemical":"MNXM943",
"origin":"iMK1208"
}
},
{
"id":"atp_c",
"name":"ATP",
"compartment":"c",
"charge":-4,
"formula":"C10H12N5O13P3",
"annotation":{
"bigg.metabolite":"atp_c",
"biocyc":"ATP",
"chebi":"10789",
"kegg.compound":"C00002",
"metanetx.chemical":"MNXM4232",
"origin":"iMK1208"
}
},
{
"id":"amp_c",
"name":"AMP",
"compartment":"c",
"charge":-2,
"formula":"C10H12N5O7P",
"annotation":{
"bigg.metabolite":"amp_c",
"biocyc":"CPD0-1139",
"chebi":"12056",
"kegg.compound":"C00020",
"metanetx.chemical":"MNXM91047",
"origin":"iMK1208"
}
},
{
"id":"ppi_c",
"name":"Diphosphate",
"compartment":"c",
"charge":-3,
"formula":"HO7P2",
"annotation":{
"bigg.metabolite":"ppi_c",
"biocyc":"PYROPHOSPHATE-GROUP",
"chebi":"13420",
"kegg.compound":"C00013",
"metanetx.chemical":"MNXM11",
"origin":"iMK1208"
}
},
{
"id":"transAT-PKS_3",
"name":"transAT-PKS",
"compartment":"d",
"formula":"unknown"
},
{
"id":"tyr__L_c",
"name":"L-Tyrosine",
"compartment":"c",
"charge":0,
"formula":"C9H11NO3",
"annotation":{
"bigg.metabolite":"tyr__L_c",
"biocyc":"TYR",
"chebi":"13181",
"kegg.compound":"C00082",
"metanetx.chemical":"MNXM96506",
"origin":"iMK1208"
}
},
{
"id":"transAT-PKS_4",
"name":"transAT-PKS",
"compartment":"d",
"formula":"unknown"
},
{
"id":"transAT-PKS_5",
"name":"transAT-PKS",
"compartment":"d",
"formula":"unknown"
},
{
"id":"pro__L_c",
"name":"L-Proline",
"compartment":"c",
"charge":0,
"formula":"C5H9NO2",
"annotation":{
"bigg.metabolite":"pro__L_c",
"biocyc":"PRO",
"chebi":"13154",
"kegg.compound":"C00148",
"metanetx.chemical":"MNXM1602",
"origin":"iMK1208"
}
},
{
"id":"transAT-PKS_6",
"name":"transAT-PKS",
"compartment":"d",
"formula":"unknown"
},
{
"id":"glu__L_c",
"name":"L-Glutamate",
"compartment":"c",
"charge":-1,
"formula":"C5H8NO4",
"annotation":{
"bigg.metabolite":"glu__L_c",
"biocyc":"GLT",
"chebi":"13107",
"kegg.compound":"C00025",
"metanetx.chemical":"MNXM42005",
"origin":"iMK1208"
}
},
{
"id":"transAT-PKS_7",
"name":"transAT-PKS",
"compartment":"d",
"formula":"unknown"
},
{
"id":"ser__L_c",
"name":"L-Serine",
"compartment":"c",
"charge":0,
"formula":"C3H7NO3",
"annotation":{
"bigg.metabolite":"ser__L_c",
"biocyc":"SER",
"chebi":"13167",
"kegg.compound":"C00065",
"metanetx.chemical":"MNXM10019",
"origin":"iMK1208"
}
},
{
"id":"transAT-PKS_8",
"name":"transAT-PKS",
"compartment":"d",
"formula":"unknown"
},
{
"id":"thr__L_c",
"name":"L-Threonine",
"compartment":"c",
"charge":0,
"formula":"C4H9NO3",
"annotation":{
"bigg.metabolite":"thr__L_c",
"biocyc":"THR",
"chebi":"13175",
"kegg.compound":"C00188",
"metanetx.chemical":"MNXM3843",
"origin":"iMK1208"
}
},
{
"id":"transAT-PKS_9",
"name":"transAT-PKS",
"compartment":"d",
"formula":"unknown"
}
],
"reactions":[
{
"id":"transAT-PKS_1",
"name":"transAT-PKS_reaction_1",
"metabolites":{
"accoa_c":-1,
"co2_c":4,
"coa_c":4,
"malcoa_c":-3,
"transAT-PKS_0":-1,
"transAT-PKS_1":1
},
"lower_bound":0.0,
"upper_bound":1000.0,
"gene_reaction_rule":""
},
{
"id":"transAT-PKS_2",
"name":"transAT-PKS_reaction_2",
"metabolites":{
"co2_c":1,
"coa_c":1,
"malcoa_c":-1,
"transAT-PKS_1":-1,
"transAT-PKS_2":1
},
"lower_bound":0.0,
"upper_bound":1000.0,
"gene_reaction_rule":""
},
{
"id":"transAT-PKS_3",
"name":"transAT-PKS_reaction_3",
"metabolites":{
"amp_c":1,
"asn__L_c":-1,
"atp_c":-1,
"ppi_c":1,
"transAT-PKS_2":-1,
"transAT-PKS_3":1
},
"lower_bound":0.0,
"upper_bound":1000.0,
"gene_reaction_rule":""
},
{
"id":"transAT-PKS_4",
"name":"transAT-PKS_reaction_4",
"metabolites":{
"amp_c":1,
"atp_c":-1,
"ppi_c":1,
"transAT-PKS_3":-1,
"transAT-PKS_4":1,
"tyr__L_c":-1
},
"lower_bound":0.0,
"upper_bound":1000.0,
"gene_reaction_rule":""
},
{
"id":"transAT-PKS_5",
"name":"transAT-PKS_reaction_5",
"metabolites":{
"amp_c":1,
"asn__L_c":-1,
"atp_c":-1,
"ppi_c":1,
"transAT-PKS_4":-1,
"transAT-PKS_5":1
},
"lower_bound":0.0,
"upper_bound":1000.0,
"gene_reaction_rule":""
},
{
"id":"transAT-PKS_6",
"name":"transAT-PKS_reaction_6",
"metabolites":{
"amp_c":1,
"atp_c":-1,
"ppi_c":1,
"pro__L_c":-1,
"transAT-PKS_5":-1,
"transAT-PKS_6":1
},
"lower_bound":0.0,
"upper_bound":1000.0,
"gene_reaction_rule":""
},
{
"id":"transAT-PKS_7",
"name":"transAT-PKS_reaction_7",
"metabolites":{
"amp_c":1,
"atp_c":-1,
"glu__L_c":-1,
"ppi_c":1,
"transAT-PKS_6":-1,
"transAT-PKS_7":1
},
"lower_bound":0.0,
"upper_bound":1000.0,
"gene_reaction_rule":""
},
{
"id":"transAT-PKS_8",
"name":"transAT-PKS_reaction_8",
"metabolites":{
"amp_c":1,
"atp_c":-1,
"ppi_c":1,
"ser__L_c":-1,
"transAT-PKS_7":-1,
"transAT-PKS_8":1
},
"lower_bound":0.0,
"upper_bound":1000.0,
"gene_reaction_rule":""
},
{
"id":"transAT-PKS_9",
"name":"transAT-PKS_reaction_9",
"metabolites":{
"amp_c":1,
"atp_c":-1,
"ppi_c":1,
"thr__L_c":-1,
"transAT-PKS_8":-1,
"transAT-PKS_9":1
},
"lower_bound":0.0,
"upper_bound":1000.0,
"gene_reaction_rule":""
},
{
"id":"EX_secondary_metabolite",
"name":"transAT-PKS_reaction",
"metabolites":{
"transAT-PKS_9":-1.0
},
"lower_bound":0.0,
"upper_bound":1000.0,
"gene_reaction_rule":""
},
{
"id":"IN_transAT-PKS",
"name":"transAT-PKS_reaction",
"metabolites":{
"transAT-PKS_0":1.0
},
"lower_bound":0.0,
"upper_bound":1000.0,
"gene_reaction_rule":""
}
],
"genes":[],
"id":"BGC_name",
"compartments":{
"c":"",
"d":""
},
"version":"1"
}