{
"metabolites":[
{
"id":"lassopeptide",
"name":"lassopeptide",
"compartment":"d",
"formula":"unknown_but_can_find"
},
{
"id":"gly_c",
"name":"Glycine",
"compartment":"c",
"charge":0,
"formula":"C2H5NO2",
"annotation":{
"bigg.metabolite":"gly_c",
"biocyc":"GLY",
"chebi":"10792",
"kegg.compound":"C00037",
"metanetx.chemical":"MNXM1602",
"origin":"iMK1208"
}
},
{
"id":"pro__L_c",
"name":"L-Proline",
"compartment":"c",
"charge":0,
"formula":"C5H9NO2",
"annotation":{
"bigg.metabolite":"pro__L_c",
"biocyc":"PRO",
"chebi":"13154",
"kegg.compound":"C00148",
"metanetx.chemical":"MNXM1602",
"origin":"iMK1208"
}
},
{
"id":"thr__L_c",
"name":"L-Threonine",
"compartment":"c",
"charge":0,
"formula":"C4H9NO3",
"annotation":{
"bigg.metabolite":"thr__L_c",
"biocyc":"THR",
"chebi":"13175",
"kegg.compound":"C00188",
"metanetx.chemical":"MNXM3843",
"origin":"iMK1208"
}
},
{
"id":"ser__L_c",
"name":"L-Serine",
"compartment":"c",
"charge":0,
"formula":"C3H7NO3",
"annotation":{
"bigg.metabolite":"ser__L_c",
"biocyc":"SER",
"chebi":"13167",
"kegg.compound":"C00065",
"metanetx.chemical":"MNXM10019",
"origin":"iMK1208"
}
},
{
"id":"asp__L_c",
"name":"L-Aspartate",
"compartment":"c",
"charge":-1,
"formula":"C4H6NO4",
"annotation":{
"bigg.metabolite":"asp__L_c",
"biocyc":"L-ASPARTATE",
"chebi":"13085",
"kegg.compound":"C00049",
"metanetx.chemical":"MNXM4232",
"origin":"iMK1208"
}
},
{
"id":"ala__L_c",
"name":"L-Alanine",
"compartment":"c",
"charge":0,
"formula":"C3H7NO2",
"annotation":{
"bigg.metabolite":"ala__L_c",
"biocyc":"L-ALPHA-ALANINE",
"chebi":"13069",
"kegg.compound":"C00041",
"metanetx.chemical":"MNXM261",
"origin":"iMK1208"
}
},
{
"id":"phe__L_c",
"name":"L-Phenylalanine",
"compartment":"c",
"charge":0,
"formula":"C9H11NO2",
"annotation":{
"bigg.metabolite":"phe__L_c",
"biocyc":"PHE",
"chebi":"13151",
"kegg.compound":"C00079",
"metanetx.chemical":"MNXM658",
"origin":"iMK1208"
}
},
{
"id":"gln__L_c",
"name":"L-Glutamine",
"compartment":"c",
"charge":0,
"formula":"C5H10N2O3",
"annotation":{
"bigg.metabolite":"gln__L_c",
"biocyc":"GLN",
"chebi":"13110",
"kegg.compound":"C00064",
"metanetx.chemical":"MNXM91047",
"origin":"iMK1208"
}
},
{
"id":"glu__L_c",
"name":"L-Glutamate",
"compartment":"c",
"charge":-1,
"formula":"C5H8NO4",
"annotation":{
"bigg.metabolite":"glu__L_c",
"biocyc":"GLT",
"chebi":"13107",
"kegg.compound":"C00025",
"metanetx.chemical":"MNXM42005",
"origin":"iMK1208"
}
},
{
"id":"val__L_c",
"name":"L-Valine",
"compartment":"c",
"charge":0,
"formula":"C5H11NO2",
"annotation":{
"bigg.metabolite":"val__L_c",
"biocyc":"VAL",
"chebi":"13186",
"kegg.compound":"C00183",
"metanetx.chemical":"MNXM658",
"origin":"iMK1208"
}
},
{
"id":"his__L_c",
"name":"L-Histidine",
"compartment":"c",
"charge":0,
"formula":"C6H9N3O2",
"annotation":{
"bigg.metabolite":"his__L_c",
"biocyc":"HIS",
"chebi":"13117",
"kegg.compound":"C00135",
"metanetx.chemical":"MNXM147",
"origin":"iMK1208"
}
},
{
"id":"tyr__L_c",
"name":"L-Tyrosine",
"compartment":"c",
"charge":0,
"formula":"C9H11NO3",
"annotation":{
"bigg.metabolite":"tyr__L_c",
"biocyc":"TYR",
"chebi":"13181",
"kegg.compound":"C00082",
"metanetx.chemical":"MNXM96506",
"origin":"iMK1208"
}
}
],
"reactions":[
{
"id":"lassopeptide",
"name":"lassopeptide_reaction",
"metabolites":{
"ala__L_c":-1,
"asp__L_c":-5,
"gln__L_c":-1,
"glu__L_c":-1,
"gly_c":-2,
"his__L_c":-1,
"lassopeptide":1.0,
"phe__L_c":-1,
"pro__L_c":-4,
"ser__L_c":-2,
"thr__L_c":-2,
"tyr__L_c":-1,
"val__L_c":-1
},
"lower_bound":0.0,
"upper_bound":1000.0,
"gene_reaction_rule":""
}
],
"genes":[],
"id":"BGC_name",
"compartments":{
"c":"",
"d":""
},
"version":"1"
}