{
"metabolites":[
{
"id":"lassopeptide",
"name":"lassopeptide",
"compartment":"d",
"formula":"unknown_but_can_find"
},
{
"id":"leu__L_c",
"name":"L-Leucine",
"compartment":"c",
"charge":0,
"formula":"C6H13NO2",
"annotation":{
"bigg.metabolite":"leu__L_c",
"biocyc":"LEU",
"chebi":"10866",
"kegg.compound":"C00123",
"metanetx.chemical":"MNXM89761",
"origin":"iMK1208"
}
},
{
"id":"gly_c",
"name":"Glycine",
"compartment":"c",
"charge":0,
"formula":"C2H5NO2",
"annotation":{
"bigg.metabolite":"gly_c",
"biocyc":"GLY",
"chebi":"10792",
"kegg.compound":"C00037",
"metanetx.chemical":"MNXM1602",
"origin":"iMK1208"
}
},
{
"id":"arg__L_c",
"name":"L-Arginine",
"compartment":"c",
"charge":1,
"formula":"C6H15N4O2",
"annotation":{
"bigg.metabolite":"arg__L_c",
"biocyc":"ARG",
"chebi":"13077",
"kegg.compound":"C00062",
"metanetx.chemical":"MNXM478",
"origin":"iMK1208"
}
},
{
"id":"ser__L_c",
"name":"L-Serine",
"compartment":"c",
"charge":0,
"formula":"C3H7NO3",
"annotation":{
"bigg.metabolite":"ser__L_c",
"biocyc":"SER",
"chebi":"13167",
"kegg.compound":"C00065",
"metanetx.chemical":"MNXM10019",
"origin":"iMK1208"
}
},
{
"id":"asn__L_c",
"name":"L-Asparagine",
"compartment":"c",
"charge":0,
"formula":"C4H8N2O3",
"annotation":{
"bigg.metabolite":"asn__L_c",
"biocyc":"ASN",
"chebi":"13083",
"kegg.compound":"C00152",
"metanetx.chemical":"MNXM943",
"origin":"iMK1208"
}
},
{
"id":"asp__L_c",
"name":"L-Aspartate",
"compartment":"c",
"charge":-1,
"formula":"C4H6NO4",
"annotation":{
"bigg.metabolite":"asp__L_c",
"biocyc":"L-ASPARTATE",
"chebi":"13085",
"kegg.compound":"C00049",
"metanetx.chemical":"MNXM4232",
"origin":"iMK1208"
}
},
{
"id":"val__L_c",
"name":"L-Valine",
"compartment":"c",
"charge":0,
"formula":"C5H11NO2",
"annotation":{
"bigg.metabolite":"val__L_c",
"biocyc":"VAL",
"chebi":"13186",
"kegg.compound":"C00183",
"metanetx.chemical":"MNXM658",
"origin":"iMK1208"
}
},
{
"id":"lys__L_c",
"name":"L-Lysine",
"compartment":"c",
"charge":1,
"formula":"C6H15N2O2",
"annotation":{
"bigg.metabolite":"lys__L_c",
"biocyc":"LYS",
"chebi":"13135",
"kegg.compound":"C00047",
"metanetx.chemical":"MNXM658",
"origin":"iMK1208"
}
}
],
"reactions":[
{
"id":"lassopeptide",
"name":"lassopeptide_reaction",
"metabolites":{
"arg__L_c":-2,
"asn__L_c":-2,
"asp__L_c":-1,
"gly_c":-2,
"lassopeptide":1.0,
"leu__L_c":-4,
"lys__L_c":-1,
"ser__L_c":-2,
"val__L_c":-1
},
"lower_bound":0.0,
"upper_bound":1000.0,
"gene_reaction_rule":""
}
],
"genes":[],
"id":"BGC_name",
"compartments":{
"c":"",
"d":""
},
"version":"1"
}