{
"metabolites":[
{
"id":"mmcoa__R_c",
"name":"(R)-Methylmalonyl-CoA",
"compartment":"c",
"charge":-5,
"formula":"C25H35N7O19P3S",
"annotation":{
"bigg.metabolite":"mmcoa__R_c",
"biocyc":"METHYL-MALONYL-COA",
"chebi":"10976",
"kegg.compound":"C01213",
"metanetx.chemical":"MNXM608",
"origin":"iMK1208"
}
},
{
"id":"coa_c",
"name":"Coenzyme A",
"compartment":"c",
"charge":-4,
"formula":"C21H32N7O16P3S",
"annotation":{
"bigg.metabolite":"coa_c",
"biocyc":"CO-A",
"chebi":"13294",
"kegg.compound":"C00010",
"metanetx.chemical":"MNXM12",
"origin":"iMK1208"
}
},
{
"id":"co2_c",
"name":"CO2",
"compartment":"c",
"charge":0,
"formula":"CO2",
"annotation":{
"bigg.metabolite":"co2_c",
"biocyc":"CARBON-DIOXIDE",
"chebi":"13282",
"kegg.compound":"C00011",
"metanetx.chemical":"MNXM90191",
"origin":"iMK1208"
}
},
{
"id":"T1PKS_0",
"name":"T1PKS",
"compartment":"d",
"formula":"unknown"
},
{
"id":"T1PKS_1",
"name":"T1PKS",
"compartment":"d",
"formula":"unknown"
},
{
"id":"T1PKS_2",
"name":"T1PKS",
"compartment":"d",
"formula":"unknown"
},
{
"id":"h2o_c",
"name":"H2O",
"compartment":"c",
"charge":0,
"formula":"H2O",
"annotation":{
"bigg.metabolite":"h2o_c",
"biocyc":"WATER",
"chebi":"10743",
"kegg.compound":"C00001",
"metanetx.chemical":"MNXM4940",
"origin":"iMK1208"
}
},
{
"id":"T1PKS_3",
"name":"T1PKS",
"compartment":"d",
"formula":"unknown"
},
{
"id":"nadph_c",
"name":"Nicotinamide adenine dinucleotide phosphate - reduced",
"compartment":"c",
"charge":-4,
"formula":"C21H26N7O17P3",
"annotation":{
"bigg.metabolite":"nadph_c",
"biocyc":"NADPH",
"chebi":"13392",
"kegg.compound":"C00005",
"metanetx.chemical":"MNXM6",
"origin":"iMK1208"
}
},
{
"id":"h_c",
"name":"H+",
"compartment":"c",
"charge":1,
"formula":"H",
"annotation":{
"bigg.metabolite":"h_c",
"biocyc":"PROTON",
"chebi":"10744",
"kegg.compound":"C00080",
"metanetx.chemical":"MNXM1",
"origin":"iMK1208"
}
},
{
"id":"nadp_c",
"name":"Nicotinamide adenine dinucleotide phosphate",
"compartment":"c",
"charge":-3,
"formula":"C21H25N7O17P3",
"annotation":{
"bigg.metabolite":"nadp_c",
"biocyc":"NADP",
"chebi":"13390",
"kegg.compound":"C00006",
"metanetx.chemical":"MNXM5",
"origin":"iMK1208"
}
},
{
"id":"T1PKS_4",
"name":"T1PKS",
"compartment":"d",
"formula":"unknown"
},
{
"id":"T1PKS_5",
"name":"T1PKS",
"compartment":"d",
"formula":"unknown"
},
{
"id":"T1PKS_6",
"name":"T1PKS",
"compartment":"d",
"formula":"unknown"
},
{
"id":"T1PKS_7",
"name":"T1PKS",
"compartment":"d",
"formula":"unknown"
},
{
"id":"T1PKS_8",
"name":"T1PKS",
"compartment":"d",
"formula":"unknown"
},
{
"id":"T1PKS_9",
"name":"T1PKS",
"compartment":"d",
"formula":"unknown"
},
{
"id":"T1PKS_10",
"name":"T1PKS",
"compartment":"d",
"formula":"unknown"
},
{
"id":"malcoa_c",
"name":"Malonyl-CoA",
"compartment":"c",
"charge":-5,
"formula":"C24H33N7O19P3S",
"annotation":{
"bigg.metabolite":"malcoa_c",
"biocyc":"MALONYL-COA",
"chebi":"14565",
"kegg.compound":"C00083",
"metanetx.chemical":"MNXM40",
"origin":"iMK1208"
}
},
{
"id":"T1PKS_11",
"name":"T1PKS",
"compartment":"d",
"formula":"unknown"
},
{
"id":"T1PKS_12",
"name":"T1PKS",
"compartment":"d",
"formula":"unknown"
},
{
"id":"T1PKS_13",
"name":"T1PKS",
"compartment":"d",
"formula":"unknown"
},
{
"id":"T1PKS_14",
"name":"T1PKS",
"compartment":"d",
"formula":"unknown"
},
{
"id":"T1PKS_15",
"name":"T1PKS",
"compartment":"d",
"formula":"unknown"
},
{
"id":"T1PKS_16",
"name":"T1PKS",
"compartment":"d",
"formula":"unknown"
},
{
"id":"T1PKS_17",
"name":"T1PKS",
"compartment":"d",
"formula":"unknown"
},
{
"id":"T1PKS_18",
"name":"T1PKS",
"compartment":"d",
"formula":"unknown"
},
{
"id":"T1PKS_19",
"name":"T1PKS",
"compartment":"d",
"formula":"unknown"
},
{
"id":"T1PKS_20",
"name":"T1PKS",
"compartment":"d",
"formula":"unknown"
},
{
"id":"T1PKS_21",
"name":"T1PKS",
"compartment":"d",
"formula":"unknown"
},
{
"id":"T1PKS_22",
"name":"T1PKS",
"compartment":"d",
"formula":"unknown"
},
{
"id":"T1PKS_23",
"name":"T1PKS",
"compartment":"d",
"formula":"unknown"
},
{
"id":"T1PKS_24",
"name":"T1PKS",
"compartment":"d",
"formula":"unknown"
},
{
"id":"T1PKS_25",
"name":"T1PKS",
"compartment":"d",
"formula":"unknown"
},
{
"id":"13dpg_c",
"name":"3-Phospho-D-glyceroyl phosphate",
"compartment":"c",
"charge":-4,
"formula":"C3H4O10P2",
"annotation":{
"bigg.metabolite":"13dpg_c",
"biocyc":"DPG",
"chebi":"11881",
"kegg.compound":"C00236",
"metanetx.chemical":"MNXM261",
"origin":"iMK1208"
}
},
{
"id":"pi_c",
"name":"Phosphate",
"compartment":"c",
"charge":-2,
"formula":"HO4P",
"annotation":{
"bigg.metabolite":"pi_c",
"biocyc":"Pi",
"chebi":"14791",
"kegg.compound":"C00009",
"metanetx.chemical":"MNXM90279",
"origin":"iMK1208"
}
},
{
"id":"emcoa__S_c",
"name":"Ethylmalonyl-CoA",
"compartment":"c",
"formula":"unknown"
},
{
"id":"T1PKS_26",
"name":"T1PKS",
"compartment":"d",
"formula":"unknown"
},
{
"id":"T1PKS_27",
"name":"T1PKS",
"compartment":"d",
"formula":"unknown"
},
{
"id":"T1PKS_28",
"name":"T1PKS",
"compartment":"d",
"formula":"unknown"
},
{
"id":"T1PKS_29",
"name":"T1PKS",
"compartment":"d",
"formula":"unknown"
},
{
"id":"T1PKS_30",
"name":"T1PKS",
"compartment":"d",
"formula":"unknown"
},
{
"id":"T1PKS_31",
"name":"T1PKS",
"compartment":"d",
"formula":"unknown"
},
{
"id":"T1PKS_32",
"name":"T1PKS",
"compartment":"d",
"formula":"unknown"
},
{
"id":"g6p_c",
"name":"D-Glucose 6-phosphate",
"compartment":"c",
"charge":-2,
"formula":"C6H11O9P",
"annotation":{
"bigg.metabolite":"g6p_c",
"biocyc":"D-glucopyranose-6-phosphate",
"chebi":"4170",
"kegg.compound":"C00092",
"metanetx.chemical":"MNXM160",
"origin":"iMK1208"
}
},
{
"id":"T1PKS_33",
"name":"T1PKS",
"compartment":"d",
"formula":"unknown"
},
{
"id":"T1PKS_34",
"name":"T1PKS",
"compartment":"d",
"formula":"unknown"
},
{
"id":"T1PKS_35",
"name":"T1PKS",
"compartment":"d",
"formula":"unknown"
},
{
"id":"T1PKS_36",
"name":"T1PKS",
"compartment":"d",
"formula":"unknown"
},
{
"id":"T1PKS_37",
"name":"T1PKS",
"compartment":"d",
"formula":"unknown"
}
],
"reactions":[
{
"id":"T1PKS_1",
"name":"T1PKS_reaction_1",
"metabolites":{
"T1PKS_0":-1,
"T1PKS_1":1,
"co2_c":1,
"coa_c":1,
"mmcoa__R_c":-1
},
"lower_bound":0.0,
"upper_bound":1000.0,
"gene_reaction_rule":""
},
{
"id":"T1PKS_2",
"name":"T1PKS_reaction_2",
"metabolites":{
"T1PKS_1":-1,
"T1PKS_2":1,
"co2_c":1,
"coa_c":1,
"mmcoa__R_c":-1
},
"lower_bound":0.0,
"upper_bound":1000.0,
"gene_reaction_rule":""
},
{
"id":"T1PKS_3",
"name":"T1PKS_reaction_3",
"metabolites":{
"T1PKS_2":-1,
"T1PKS_3":1,
"h2o_c":1.0
},
"lower_bound":0.0,
"upper_bound":1000.0,
"gene_reaction_rule":""
},
{
"id":"T1PKS_4",
"name":"T1PKS_reaction_4",
"metabolites":{
"T1PKS_3":-1,
"T1PKS_4":1,
"h_c":-1.0,
"nadp_c":1.0,
"nadph_c":-1.0
},
"lower_bound":0.0,
"upper_bound":1000.0,
"gene_reaction_rule":""
},
{
"id":"T1PKS_5",
"name":"T1PKS_reaction_5",
"metabolites":{
"T1PKS_4":-1,
"T1PKS_5":1,
"co2_c":1,
"coa_c":1,
"mmcoa__R_c":-1
},
"lower_bound":0.0,
"upper_bound":1000.0,
"gene_reaction_rule":""
},
{
"id":"T1PKS_6",
"name":"T1PKS_reaction_6",
"metabolites":{
"T1PKS_5":-1,
"T1PKS_6":1,
"h2o_c":1.0
},
"lower_bound":0.0,
"upper_bound":1000.0,
"gene_reaction_rule":""
},
{
"id":"T1PKS_7",
"name":"T1PKS_reaction_7",
"metabolites":{
"T1PKS_6":-1,
"T1PKS_7":1,
"h_c":-1.0,
"nadp_c":1.0,
"nadph_c":-1.0
},
"lower_bound":0.0,
"upper_bound":1000.0,
"gene_reaction_rule":""
},
{
"id":"T1PKS_8",
"name":"T1PKS_reaction_8",
"metabolites":{
"T1PKS_7":-1,
"T1PKS_8":1,
"co2_c":1,
"coa_c":1,
"mmcoa__R_c":-1
},
"lower_bound":0.0,
"upper_bound":1000.0,
"gene_reaction_rule":""
},
{
"id":"T1PKS_9",
"name":"T1PKS_reaction_9",
"metabolites":{
"T1PKS_8":-1,
"T1PKS_9":1,
"h2o_c":1.0
},
"lower_bound":0.0,
"upper_bound":1000.0,
"gene_reaction_rule":""
},
{
"id":"T1PKS_10",
"name":"T1PKS_reaction_10",
"metabolites":{
"T1PKS_10":1,
"T1PKS_9":-1,
"h_c":-1.0,
"nadp_c":1.0,
"nadph_c":-1.0
},
"lower_bound":0.0,
"upper_bound":1000.0,
"gene_reaction_rule":""
},
{
"id":"T1PKS_11",
"name":"T1PKS_reaction_11",
"metabolites":{
"T1PKS_10":-1,
"T1PKS_11":1,
"co2_c":1,
"coa_c":1,
"malcoa_c":-1
},
"lower_bound":0.0,
"upper_bound":1000.0,
"gene_reaction_rule":""
},
{
"id":"T1PKS_12",
"name":"T1PKS_reaction_12",
"metabolites":{
"T1PKS_11":-1,
"T1PKS_12":1,
"co2_c":1,
"coa_c":1,
"mmcoa__R_c":-1
},
"lower_bound":0.0,
"upper_bound":1000.0,
"gene_reaction_rule":""
},
{
"id":"T1PKS_13",
"name":"T1PKS_reaction_13",
"metabolites":{
"T1PKS_12":-1,
"T1PKS_13":1,
"h2o_c":1.0
},
"lower_bound":0.0,
"upper_bound":1000.0,
"gene_reaction_rule":""
},
{
"id":"T1PKS_14",
"name":"T1PKS_reaction_14",
"metabolites":{
"T1PKS_13":-1,
"T1PKS_14":1,
"h_c":-1.0,
"nadp_c":1.0,
"nadph_c":-1.0
},
"lower_bound":0.0,
"upper_bound":1000.0,
"gene_reaction_rule":""
},
{
"id":"T1PKS_15",
"name":"T1PKS_reaction_15",
"metabolites":{
"T1PKS_14":-1,
"T1PKS_15":1,
"co2_c":1,
"coa_c":1,
"malcoa_c":-1
},
"lower_bound":0.0,
"upper_bound":1000.0,
"gene_reaction_rule":""
},
{
"id":"T1PKS_16",
"name":"T1PKS_reaction_16",
"metabolites":{
"T1PKS_15":-1,
"T1PKS_16":1,
"h2o_c":1.0
},
"lower_bound":0.0,
"upper_bound":1000.0,
"gene_reaction_rule":""
},
{
"id":"T1PKS_17",
"name":"T1PKS_reaction_17",
"metabolites":{
"T1PKS_16":-1,
"T1PKS_17":1,
"h_c":-1.0,
"nadp_c":1.0,
"nadph_c":-1.0
},
"lower_bound":0.0,
"upper_bound":1000.0,
"gene_reaction_rule":""
},
{
"id":"T1PKS_18",
"name":"T1PKS_reaction_18",
"metabolites":{
"T1PKS_17":-1,
"T1PKS_18":1,
"co2_c":1,
"coa_c":1,
"malcoa_c":-1
},
"lower_bound":0.0,
"upper_bound":1000.0,
"gene_reaction_rule":""
},
{
"id":"T1PKS_19",
"name":"T1PKS_reaction_19",
"metabolites":{
"T1PKS_18":-1,
"T1PKS_19":1,
"h2o_c":1.0
},
"lower_bound":0.0,
"upper_bound":1000.0,
"gene_reaction_rule":""
},
{
"id":"T1PKS_20",
"name":"T1PKS_reaction_20",
"metabolites":{
"T1PKS_19":-1,
"T1PKS_20":1,
"h_c":-1.0,
"nadp_c":1.0,
"nadph_c":-1.0
},
"lower_bound":0.0,
"upper_bound":1000.0,
"gene_reaction_rule":""
},
{
"id":"T1PKS_21",
"name":"T1PKS_reaction_21",
"metabolites":{
"T1PKS_20":-1,
"T1PKS_21":1,
"co2_c":1,
"coa_c":1,
"mmcoa__R_c":-1
},
"lower_bound":0.0,
"upper_bound":1000.0,
"gene_reaction_rule":""
},
{
"id":"T1PKS_22",
"name":"T1PKS_reaction_22",
"metabolites":{
"T1PKS_21":-1,
"T1PKS_22":1,
"h2o_c":1.0
},
"lower_bound":0.0,
"upper_bound":1000.0,
"gene_reaction_rule":""
},
{
"id":"T1PKS_23",
"name":"T1PKS_reaction_23",
"metabolites":{
"T1PKS_22":-1,
"T1PKS_23":1,
"h_c":-1.0,
"nadp_c":1.0,
"nadph_c":-1.0
},
"lower_bound":0.0,
"upper_bound":1000.0,
"gene_reaction_rule":""
},
{
"id":"T1PKS_24",
"name":"T1PKS_reaction_24",
"metabolites":{
"T1PKS_23":-1,
"T1PKS_24":1,
"co2_c":1,
"coa_c":1,
"malcoa_c":-1
},
"lower_bound":0.0,
"upper_bound":1000.0,
"gene_reaction_rule":""
},
{
"id":"T1PKS_25",
"name":"T1PKS_reaction_25",
"metabolites":{
"13dpg_c":-1.0,
"T1PKS_24":-1,
"T1PKS_25":1,
"pi_c":2.0
},
"lower_bound":0.0,
"upper_bound":1000.0,
"gene_reaction_rule":""
},
{
"id":"T1PKS_26",
"name":"T1PKS_reaction_26",
"metabolites":{
"T1PKS_25":-1,
"T1PKS_26":1,
"co2_c":1,
"coa_c":1,
"emcoa__S_c":-1
},
"lower_bound":0.0,
"upper_bound":1000.0,
"gene_reaction_rule":""
},
{
"id":"T1PKS_27",
"name":"T1PKS_reaction_27",
"metabolites":{
"T1PKS_26":-1,
"T1PKS_27":1,
"h2o_c":1.0
},
"lower_bound":0.0,
"upper_bound":1000.0,
"gene_reaction_rule":""
},
{
"id":"T1PKS_28",
"name":"T1PKS_reaction_28",
"metabolites":{
"T1PKS_27":-1,
"T1PKS_28":1,
"h_c":-1.0,
"nadp_c":1.0,
"nadph_c":-1.0
},
"lower_bound":0.0,
"upper_bound":1000.0,
"gene_reaction_rule":""
},
{
"id":"T1PKS_29",
"name":"T1PKS_reaction_29",
"metabolites":{
"T1PKS_28":-1,
"T1PKS_29":1,
"h_c":-1.0,
"nadp_c":1.0,
"nadph_c":-1.0
},
"lower_bound":0.0,
"upper_bound":1000.0,
"gene_reaction_rule":""
},
{
"id":"T1PKS_30",
"name":"T1PKS_reaction_30",
"metabolites":{
"T1PKS_29":-1,
"T1PKS_30":1,
"co2_c":1,
"coa_c":1,
"mmcoa__R_c":-1
},
"lower_bound":0.0,
"upper_bound":1000.0,
"gene_reaction_rule":""
},
{
"id":"T1PKS_31",
"name":"T1PKS_reaction_31",
"metabolites":{
"T1PKS_30":-1,
"T1PKS_31":1,
"h2o_c":1.0
},
"lower_bound":0.0,
"upper_bound":1000.0,
"gene_reaction_rule":""
},
{
"id":"T1PKS_32",
"name":"T1PKS_reaction_32",
"metabolites":{
"T1PKS_31":-1,
"T1PKS_32":1,
"h_c":-1.0,
"nadp_c":1.0,
"nadph_c":-1.0
},
"lower_bound":0.0,
"upper_bound":1000.0,
"gene_reaction_rule":""
},
{
"id":"T1PKS_33",
"name":"",
"metabolites":{
"T1PKS_32":-1.0,
"T1PKS_33":1.0,
"g6p_c":-1,
"h_c":1,
"pi_c":1
},
"lower_bound":0.0,
"upper_bound":1000.0,
"gene_reaction_rule":""
},
{
"id":"T1PKS_34",
"name":"",
"metabolites":{
"T1PKS_33":-1.0,
"T1PKS_34":1.0,
"g6p_c":-1,
"h_c":1,
"pi_c":1
},
"lower_bound":0.0,
"upper_bound":1000.0,
"gene_reaction_rule":""
},
{
"id":"T1PKS_35",
"name":"",
"metabolites":{
"T1PKS_34":-1.0,
"T1PKS_35":1.0,
"g6p_c":-1,
"h_c":1,
"pi_c":1
},
"lower_bound":0.0,
"upper_bound":1000.0,
"gene_reaction_rule":""
},
{
"id":"T1PKS_36",
"name":"",
"metabolites":{
"T1PKS_35":-1.0,
"T1PKS_36":1.0,
"g6p_c":-1,
"h_c":1,
"pi_c":1
},
"lower_bound":0.0,
"upper_bound":1000.0,
"gene_reaction_rule":""
},
{
"id":"T1PKS_37",
"name":"",
"metabolites":{
"13dpg_c":-1.0,
"T1PKS_36":-1.0,
"T1PKS_37":1.0,
"h_c":-1.0,
"nadp_c":1.0,
"nadph_c":-1.0,
"pi_c":2.0
},
"lower_bound":0.0,
"upper_bound":1000.0,
"gene_reaction_rule":""
},
{
"id":"EX_secondary_metabolite",
"name":"T1PKS_reaction",
"metabolites":{
"T1PKS_37":-1.0
},
"lower_bound":0.0,
"upper_bound":1000.0,
"gene_reaction_rule":""
},
{
"id":"IN_T1PKS",
"name":"T1PKS_reaction",
"metabolites":{
"T1PKS_0":1.0
},
"lower_bound":0.0,
"upper_bound":1000.0,
"gene_reaction_rule":""
}
],
"genes":[],
"id":"BGC_name",
"compartments":{
"c":"",
"d":""
},
"version":"1"
}