{
"metabolites":[
{
"id":"lassopeptide",
"name":"lassopeptide",
"compartment":"d",
"formula":"unknown_but_can_find"
},
{
"id":"gly_c",
"name":"Glycine",
"compartment":"c",
"charge":0,
"formula":"C2H5NO2",
"annotation":{
"bigg.metabolite":"gly_c",
"biocyc":"GLY",
"chebi":"10792",
"kegg.compound":"C00037",
"metanetx.chemical":"MNXM1602",
"origin":"iMK1208"
}
},
{
"id":"tyr__L_c",
"name":"L-Tyrosine",
"compartment":"c",
"charge":0,
"formula":"C9H11NO3",
"annotation":{
"bigg.metabolite":"tyr__L_c",
"biocyc":"TYR",
"chebi":"13181",
"kegg.compound":"C00082",
"metanetx.chemical":"MNXM96506",
"origin":"iMK1208"
}
},
{
"id":"phe__L_c",
"name":"L-Phenylalanine",
"compartment":"c",
"charge":0,
"formula":"C9H11NO2",
"annotation":{
"bigg.metabolite":"phe__L_c",
"biocyc":"PHE",
"chebi":"13151",
"kegg.compound":"C00079",
"metanetx.chemical":"MNXM658",
"origin":"iMK1208"
}
},
{
"id":"ser__L_c",
"name":"L-Serine",
"compartment":"c",
"charge":0,
"formula":"C3H7NO3",
"annotation":{
"bigg.metabolite":"ser__L_c",
"biocyc":"SER",
"chebi":"13167",
"kegg.compound":"C00065",
"metanetx.chemical":"MNXM10019",
"origin":"iMK1208"
}
},
{
"id":"lys__L_c",
"name":"L-Lysine",
"compartment":"c",
"charge":1,
"formula":"C6H15N2O2",
"annotation":{
"bigg.metabolite":"lys__L_c",
"biocyc":"LYS",
"chebi":"13135",
"kegg.compound":"C00047",
"metanetx.chemical":"MNXM658",
"origin":"iMK1208"
}
},
{
"id":"glu__L_c",
"name":"L-Glutamate",
"compartment":"c",
"charge":-1,
"formula":"C5H8NO4",
"annotation":{
"bigg.metabolite":"glu__L_c",
"biocyc":"GLT",
"chebi":"13107",
"kegg.compound":"C00025",
"metanetx.chemical":"MNXM42005",
"origin":"iMK1208"
}
},
{
"id":"trp__L_c",
"name":"L-Tryptophan",
"compartment":"c",
"charge":0,
"formula":"C11H12N2O2",
"annotation":{
"bigg.metabolite":"trp__L_c",
"biocyc":"TRP",
"chebi":"13178",
"kegg.compound":"C00078",
"metanetx.chemical":"MNXM3843",
"origin":"iMK1208"
}
},
{
"id":"val__L_c",
"name":"L-Valine",
"compartment":"c",
"charge":0,
"formula":"C5H11NO2",
"annotation":{
"bigg.metabolite":"val__L_c",
"biocyc":"VAL",
"chebi":"13186",
"kegg.compound":"C00183",
"metanetx.chemical":"MNXM658",
"origin":"iMK1208"
}
},
{
"id":"arg__L_c",
"name":"L-Arginine",
"compartment":"c",
"charge":1,
"formula":"C6H15N4O2",
"annotation":{
"bigg.metabolite":"arg__L_c",
"biocyc":"ARG",
"chebi":"13077",
"kegg.compound":"C00062",
"metanetx.chemical":"MNXM478",
"origin":"iMK1208"
}
},
{
"id":"ile__L_c",
"name":"L-Isoleucine",
"compartment":"c",
"charge":0,
"formula":"C6H13NO2",
"annotation":{
"bigg.metabolite":"ile__L_c",
"biocyc":"ILE",
"chebi":"13127",
"kegg.compound":"C00407",
"metanetx.chemical":"MNXM89761",
"origin":"iMK1208"
}
}
],
"reactions":[
{
"id":"lassopeptide",
"name":"lassopeptide_reaction",
"metabolites":{
"arg__L_c":-2,
"glu__L_c":-1,
"gly_c":-2,
"ile__L_c":-2,
"lassopeptide":1.0,
"lys__L_c":-1,
"phe__L_c":-1,
"ser__L_c":-1,
"trp__L_c":-1,
"tyr__L_c":-4,
"val__L_c":-1
},
"lower_bound":0.0,
"upper_bound":1000.0,
"gene_reaction_rule":""
}
],
"genes":[],
"id":"BGC_name",
"compartments":{
"c":"",
"d":""
},
"version":"1"
}