{
"metabolites":[
{
"id":"thiopeptide",
"name":"thiopeptide",
"compartment":"d",
"formula":"unknown_but_can_find"
},
{
"id":"ser__L_c",
"name":"L-Serine",
"compartment":"c",
"charge":0,
"formula":"C3H7NO3",
"annotation":{
"bigg.metabolite":"ser__L_c",
"biocyc":"SER",
"chebi":"13167",
"kegg.compound":"C00065",
"metanetx.chemical":"MNXM10019",
"origin":"iMK1208"
}
},
{
"id":"cys__L_c",
"name":"L-Cysteine",
"compartment":"c",
"charge":0,
"formula":"C3H7NO2S",
"annotation":{
"bigg.metabolite":"cys__L_c",
"biocyc":"CYS",
"chebi":"13095",
"kegg.compound":"C00097",
"metanetx.chemical":"MNXM212",
"origin":"iMK1208"
}
},
{
"id":"thr__L_c",
"name":"L-Threonine",
"compartment":"c",
"charge":0,
"formula":"C4H9NO3",
"annotation":{
"bigg.metabolite":"thr__L_c",
"biocyc":"THR",
"chebi":"13175",
"kegg.compound":"C00188",
"metanetx.chemical":"MNXM3843",
"origin":"iMK1208"
}
},
{
"id":"glu__L_c",
"name":"L-Glutamate",
"compartment":"c",
"charge":-1,
"formula":"C5H8NO4",
"annotation":{
"bigg.metabolite":"glu__L_c",
"biocyc":"GLT",
"chebi":"13107",
"kegg.compound":"C00025",
"metanetx.chemical":"MNXM42005",
"origin":"iMK1208"
}
}
],
"reactions":[
{
"id":"thiopeptide",
"name":"thiopeptide_reaction",
"metabolites":{
"cys__L_c":-6,
"glu__L_c":-1,
"ser__L_c":-4,
"thiopeptide":1.0,
"thr__L_c":-2
},
"lower_bound":0.0,
"upper_bound":1000.0,
"gene_reaction_rule":""
}
],
"genes":[],
"id":"BGC_name",
"compartments":{
"c":"",
"d":""
},
"version":"1"
}