{
"metabolites":[
{
"id":"malcoa_c",
"name":"Malonyl-CoA",
"compartment":"c",
"charge":-5,
"formula":"C24H33N7O19P3S",
"annotation":{
"bigg.metabolite":"malcoa_c",
"biocyc":"MALONYL-COA",
"chebi":"14565",
"kegg.compound":"C00083",
"metanetx.chemical":"MNXM40",
"origin":"iMK1208"
}
},
{
"id":"coa_c",
"name":"Coenzyme A",
"compartment":"c",
"charge":-4,
"formula":"C21H32N7O16P3S",
"annotation":{
"bigg.metabolite":"coa_c",
"biocyc":"CO-A",
"chebi":"13294",
"kegg.compound":"C00010",
"metanetx.chemical":"MNXM12",
"origin":"iMK1208"
}
},
{
"id":"co2_c",
"name":"CO2",
"compartment":"c",
"charge":0,
"formula":"CO2",
"annotation":{
"bigg.metabolite":"co2_c",
"biocyc":"CARBON-DIOXIDE",
"chebi":"13282",
"kegg.compound":"C00011",
"metanetx.chemical":"MNXM90191",
"origin":"iMK1208"
}
},
{
"id":"transAT-PKS_0",
"name":"transAT-PKS",
"compartment":"d",
"formula":"unknown"
},
{
"id":"transAT-PKS_1",
"name":"transAT-PKS",
"compartment":"d",
"formula":"unknown"
},
{
"id":"transAT-PKS_2",
"name":"transAT-PKS",
"compartment":"d",
"formula":"unknown"
},
{
"id":"transAT-PKS_3",
"name":"transAT-PKS",
"compartment":"d",
"formula":"unknown"
},
{
"id":"h2o_c",
"name":"H2O",
"compartment":"c",
"charge":0,
"formula":"H2O",
"annotation":{
"bigg.metabolite":"h2o_c",
"biocyc":"WATER",
"chebi":"10743",
"kegg.compound":"C00001",
"metanetx.chemical":"MNXM4940",
"origin":"iMK1208"
}
},
{
"id":"transAT-PKS_4",
"name":"transAT-PKS",
"compartment":"d",
"formula":"unknown"
},
{
"id":"nadph_c",
"name":"Nicotinamide adenine dinucleotide phosphate - reduced",
"compartment":"c",
"charge":-4,
"formula":"C21H26N7O17P3",
"annotation":{
"bigg.metabolite":"nadph_c",
"biocyc":"NADPH",
"chebi":"13392",
"kegg.compound":"C00005",
"metanetx.chemical":"MNXM6",
"origin":"iMK1208"
}
},
{
"id":"h_c",
"name":"H+",
"compartment":"c",
"charge":1,
"formula":"H",
"annotation":{
"bigg.metabolite":"h_c",
"biocyc":"PROTON",
"chebi":"10744",
"kegg.compound":"C00080",
"metanetx.chemical":"MNXM1",
"origin":"iMK1208"
}
},
{
"id":"nadp_c",
"name":"Nicotinamide adenine dinucleotide phosphate",
"compartment":"c",
"charge":-3,
"formula":"C21H25N7O17P3",
"annotation":{
"bigg.metabolite":"nadp_c",
"biocyc":"NADP",
"chebi":"13390",
"kegg.compound":"C00006",
"metanetx.chemical":"MNXM5",
"origin":"iMK1208"
}
},
{
"id":"transAT-PKS_5",
"name":"transAT-PKS",
"compartment":"d",
"formula":"unknown"
},
{
"id":"transAT-PKS_6",
"name":"transAT-PKS",
"compartment":"d",
"formula":"unknown"
},
{
"id":"transAT-PKS_7",
"name":"transAT-PKS",
"compartment":"d",
"formula":"unknown"
},
{
"id":"ser__L_c",
"name":"L-Serine",
"compartment":"c",
"charge":0,
"formula":"C3H7NO3",
"annotation":{
"bigg.metabolite":"ser__L_c",
"biocyc":"SER",
"chebi":"13167",
"kegg.compound":"C00065",
"metanetx.chemical":"MNXM10019",
"origin":"iMK1208"
}
},
{
"id":"atp_c",
"name":"ATP",
"compartment":"c",
"charge":-4,
"formula":"C10H12N5O13P3",
"annotation":{
"bigg.metabolite":"atp_c",
"biocyc":"ATP",
"chebi":"10789",
"kegg.compound":"C00002",
"metanetx.chemical":"MNXM4232",
"origin":"iMK1208"
}
},
{
"id":"amp_c",
"name":"AMP",
"compartment":"c",
"charge":-2,
"formula":"C10H12N5O7P",
"annotation":{
"bigg.metabolite":"amp_c",
"biocyc":"CPD0-1139",
"chebi":"12056",
"kegg.compound":"C00020",
"metanetx.chemical":"MNXM91047",
"origin":"iMK1208"
}
},
{
"id":"ppi_c",
"name":"Diphosphate",
"compartment":"c",
"charge":-3,
"formula":"HO7P2",
"annotation":{
"bigg.metabolite":"ppi_c",
"biocyc":"PYROPHOSPHATE-GROUP",
"chebi":"13420",
"kegg.compound":"C00013",
"metanetx.chemical":"MNXM11",
"origin":"iMK1208"
}
},
{
"id":"transAT-PKS_8",
"name":"transAT-PKS",
"compartment":"d",
"formula":"unknown"
},
{
"id":"transAT-PKS_9",
"name":"transAT-PKS",
"compartment":"d",
"formula":"unknown"
},
{
"id":"transAT-PKS_10",
"name":"transAT-PKS",
"compartment":"d",
"formula":"unknown"
},
{
"id":"transAT-PKS_11",
"name":"transAT-PKS",
"compartment":"d",
"formula":"unknown"
},
{
"id":"transAT-PKS_12",
"name":"transAT-PKS",
"compartment":"d",
"formula":"unknown"
},
{
"id":"transAT-PKS_13",
"name":"transAT-PKS",
"compartment":"d",
"formula":"unknown"
},
{
"id":"transAT-PKS_14",
"name":"transAT-PKS",
"compartment":"d",
"formula":"unknown"
},
{
"id":"transAT-PKS_15",
"name":"transAT-PKS",
"compartment":"d",
"formula":"unknown"
},
{
"id":"transAT-PKS_16",
"name":"transAT-PKS",
"compartment":"d",
"formula":"unknown"
},
{
"id":"amet_c",
"name":"S-Adenosyl-L-methionine",
"compartment":"c",
"charge":1,
"formula":"C15H23N6O5S",
"annotation":{
"bigg.metabolite":"amet_c",
"biocyc":"S-ADENOSYLMETHIONINE",
"chebi":"10786",
"kegg.compound":"C00019",
"metanetx.chemical":"MNXM16",
"origin":"iMK1208"
}
},
{
"id":"ahcys_c",
"name":"S-Adenosyl-L-homocysteine",
"compartment":"c",
"charge":0,
"formula":"C14H20N6O5S",
"annotation":{
"bigg.metabolite":"ahcys_c",
"biocyc":"ADENOSYL-HOMO-CYS",
"chebi":"12741",
"kegg.compound":"C00021",
"metanetx.chemical":"MNXM19",
"origin":"iMK1208"
}
},
{
"id":"transAT-PKS_17",
"name":"transAT-PKS",
"compartment":"d",
"formula":"unknown"
},
{
"id":"transAT-PKS_18",
"name":"transAT-PKS",
"compartment":"d",
"formula":"unknown"
},
{
"id":"transAT-PKS_19",
"name":"transAT-PKS",
"compartment":"d",
"formula":"unknown"
},
{
"id":"transAT-PKS_20",
"name":"transAT-PKS",
"compartment":"d",
"formula":"unknown"
},
{
"id":"transAT-PKS_21",
"name":"transAT-PKS",
"compartment":"d",
"formula":"unknown"
},
{
"id":"transAT-PKS_22",
"name":"transAT-PKS",
"compartment":"d",
"formula":"unknown"
},
{
"id":"transAT-PKS_23",
"name":"transAT-PKS",
"compartment":"d",
"formula":"unknown"
},
{
"id":"transAT-PKS_24",
"name":"transAT-PKS",
"compartment":"d",
"formula":"unknown"
},
{
"id":"transAT-PKS_25",
"name":"transAT-PKS",
"compartment":"d",
"formula":"unknown"
}
],
"reactions":[
{
"id":"transAT-PKS_1",
"name":"transAT-PKS_reaction_1",
"metabolites":{
"co2_c":1,
"coa_c":1,
"malcoa_c":-1,
"transAT-PKS_0":-1,
"transAT-PKS_1":1
},
"lower_bound":0.0,
"upper_bound":1000.0,
"gene_reaction_rule":""
},
{
"id":"transAT-PKS_2",
"name":"transAT-PKS_reaction_2",
"metabolites":{
"co2_c":1,
"coa_c":1,
"malcoa_c":-1,
"transAT-PKS_1":-1,
"transAT-PKS_2":1
},
"lower_bound":0.0,
"upper_bound":1000.0,
"gene_reaction_rule":""
},
{
"id":"transAT-PKS_3",
"name":"transAT-PKS_reaction_3",
"metabolites":{
"co2_c":1,
"coa_c":1,
"malcoa_c":-1,
"transAT-PKS_2":-1,
"transAT-PKS_3":1
},
"lower_bound":0.0,
"upper_bound":1000.0,
"gene_reaction_rule":""
},
{
"id":"transAT-PKS_4",
"name":"transAT-PKS_reaction_4",
"metabolites":{
"h2o_c":1.0,
"transAT-PKS_3":-1,
"transAT-PKS_4":1
},
"lower_bound":0.0,
"upper_bound":1000.0,
"gene_reaction_rule":""
},
{
"id":"transAT-PKS_5",
"name":"transAT-PKS_reaction_5",
"metabolites":{
"h_c":-1.0,
"nadp_c":1.0,
"nadph_c":-1.0,
"transAT-PKS_4":-1,
"transAT-PKS_5":1
},
"lower_bound":0.0,
"upper_bound":1000.0,
"gene_reaction_rule":""
},
{
"id":"transAT-PKS_6",
"name":"transAT-PKS_reaction_6",
"metabolites":{
"co2_c":1,
"coa_c":1,
"malcoa_c":-1,
"transAT-PKS_5":-1,
"transAT-PKS_6":1
},
"lower_bound":0.0,
"upper_bound":1000.0,
"gene_reaction_rule":""
},
{
"id":"transAT-PKS_7",
"name":"transAT-PKS_reaction_7",
"metabolites":{
"co2_c":1,
"coa_c":1,
"malcoa_c":-1,
"transAT-PKS_6":-1,
"transAT-PKS_7":1
},
"lower_bound":0.0,
"upper_bound":1000.0,
"gene_reaction_rule":""
},
{
"id":"transAT-PKS_8",
"name":"transAT-PKS_reaction_8",
"metabolites":{
"amp_c":1,
"atp_c":-1,
"ppi_c":1,
"ser__L_c":-1,
"transAT-PKS_7":-1,
"transAT-PKS_8":1
},
"lower_bound":0.0,
"upper_bound":1000.0,
"gene_reaction_rule":""
},
{
"id":"transAT-PKS_9",
"name":"transAT-PKS_reaction_9",
"metabolites":{
"co2_c":1,
"coa_c":1,
"malcoa_c":-1,
"transAT-PKS_8":-1,
"transAT-PKS_9":1
},
"lower_bound":0.0,
"upper_bound":1000.0,
"gene_reaction_rule":""
},
{
"id":"transAT-PKS_10",
"name":"transAT-PKS_reaction_10",
"metabolites":{
"h2o_c":1.0,
"transAT-PKS_10":1,
"transAT-PKS_9":-1
},
"lower_bound":0.0,
"upper_bound":1000.0,
"gene_reaction_rule":""
},
{
"id":"transAT-PKS_11",
"name":"transAT-PKS_reaction_11",
"metabolites":{
"h_c":-1.0,
"nadp_c":1.0,
"nadph_c":-1.0,
"transAT-PKS_10":-1,
"transAT-PKS_11":1
},
"lower_bound":0.0,
"upper_bound":1000.0,
"gene_reaction_rule":""
},
{
"id":"transAT-PKS_12",
"name":"transAT-PKS_reaction_12",
"metabolites":{
"co2_c":1,
"coa_c":1,
"malcoa_c":-1,
"transAT-PKS_11":-1,
"transAT-PKS_12":1
},
"lower_bound":0.0,
"upper_bound":1000.0,
"gene_reaction_rule":""
},
{
"id":"transAT-PKS_13",
"name":"transAT-PKS_reaction_13",
"metabolites":{
"co2_c":1,
"coa_c":1,
"malcoa_c":-1,
"transAT-PKS_12":-1,
"transAT-PKS_13":1
},
"lower_bound":0.0,
"upper_bound":1000.0,
"gene_reaction_rule":""
},
{
"id":"transAT-PKS_14",
"name":"transAT-PKS_reaction_14",
"metabolites":{
"co2_c":1,
"coa_c":1,
"malcoa_c":-1,
"transAT-PKS_13":-1,
"transAT-PKS_14":1
},
"lower_bound":0.0,
"upper_bound":1000.0,
"gene_reaction_rule":""
},
{
"id":"transAT-PKS_15",
"name":"transAT-PKS_reaction_15",
"metabolites":{
"h2o_c":1.0,
"transAT-PKS_14":-1,
"transAT-PKS_15":1
},
"lower_bound":0.0,
"upper_bound":1000.0,
"gene_reaction_rule":""
},
{
"id":"transAT-PKS_16",
"name":"transAT-PKS_reaction_16",
"metabolites":{
"h_c":-1.0,
"nadp_c":1.0,
"nadph_c":-1.0,
"transAT-PKS_15":-1,
"transAT-PKS_16":1
},
"lower_bound":0.0,
"upper_bound":1000.0,
"gene_reaction_rule":""
},
{
"id":"transAT-PKS_17",
"name":"transAT-PKS_reaction_17",
"metabolites":{
"ahcys_c":1.0,
"amet_c":-1.0,
"transAT-PKS_16":-1,
"transAT-PKS_17":1
},
"lower_bound":0.0,
"upper_bound":1000.0,
"gene_reaction_rule":""
},
{
"id":"transAT-PKS_18",
"name":"transAT-PKS_reaction_18",
"metabolites":{
"co2_c":1,
"coa_c":1,
"malcoa_c":-1,
"transAT-PKS_17":-1,
"transAT-PKS_18":1
},
"lower_bound":0.0,
"upper_bound":1000.0,
"gene_reaction_rule":""
},
{
"id":"transAT-PKS_19",
"name":"transAT-PKS_reaction_19",
"metabolites":{
"co2_c":1,
"coa_c":1,
"malcoa_c":-1,
"transAT-PKS_18":-1,
"transAT-PKS_19":1
},
"lower_bound":0.0,
"upper_bound":1000.0,
"gene_reaction_rule":""
},
{
"id":"transAT-PKS_20",
"name":"transAT-PKS_reaction_20",
"metabolites":{
"h2o_c":1.0,
"transAT-PKS_19":-1,
"transAT-PKS_20":1
},
"lower_bound":0.0,
"upper_bound":1000.0,
"gene_reaction_rule":""
},
{
"id":"transAT-PKS_21",
"name":"transAT-PKS_reaction_21",
"metabolites":{
"h_c":-1.0,
"nadp_c":1.0,
"nadph_c":-1.0,
"transAT-PKS_20":-1,
"transAT-PKS_21":1
},
"lower_bound":0.0,
"upper_bound":1000.0,
"gene_reaction_rule":""
},
{
"id":"transAT-PKS_22",
"name":"transAT-PKS_reaction_22",
"metabolites":{
"co2_c":1,
"coa_c":1,
"malcoa_c":-1,
"transAT-PKS_21":-1,
"transAT-PKS_22":1
},
"lower_bound":0.0,
"upper_bound":1000.0,
"gene_reaction_rule":""
},
{
"id":"transAT-PKS_23",
"name":"transAT-PKS_reaction_23",
"metabolites":{
"h2o_c":1.0,
"transAT-PKS_22":-1,
"transAT-PKS_23":1
},
"lower_bound":0.0,
"upper_bound":1000.0,
"gene_reaction_rule":""
},
{
"id":"transAT-PKS_24",
"name":"transAT-PKS_reaction_24",
"metabolites":{
"h_c":-1.0,
"nadp_c":1.0,
"nadph_c":-1.0,
"transAT-PKS_23":-1,
"transAT-PKS_24":1
},
"lower_bound":0.0,
"upper_bound":1000.0,
"gene_reaction_rule":""
},
{
"id":"transAT-PKS_25",
"name":"transAT-PKS_reaction_25",
"metabolites":{
"ahcys_c":1.0,
"amet_c":-1.0,
"transAT-PKS_24":-1,
"transAT-PKS_25":1
},
"lower_bound":0.0,
"upper_bound":1000.0,
"gene_reaction_rule":""
},
{
"id":"EX_secondary_metabolite",
"name":"transAT-PKS_reaction",
"metabolites":{
"transAT-PKS_25":-1.0
},
"lower_bound":0.0,
"upper_bound":1000.0,
"gene_reaction_rule":""
},
{
"id":"IN_transAT-PKS",
"name":"transAT-PKS_reaction",
"metabolites":{
"transAT-PKS_0":1.0
},
"lower_bound":0.0,
"upper_bound":1000.0,
"gene_reaction_rule":""
}
],
"genes":[],
"id":"BGC_name",
"compartments":{
"c":"",
"d":""
},
"version":"1"
}