{
"metabolites":[
{
"id":"pro__L_c",
"name":"L-Proline",
"compartment":"c",
"charge":0,
"formula":"C5H9NO2",
"annotation":{
"bigg.metabolite":"pro__L_c",
"biocyc":"PRO",
"chebi":"13154",
"kegg.compound":"C00148",
"metanetx.chemical":"MNXM1602",
"origin":"iMK1208"
}
},
{
"id":"atp_c",
"name":"ATP",
"compartment":"c",
"charge":-4,
"formula":"C10H12N5O13P3",
"annotation":{
"bigg.metabolite":"atp_c",
"biocyc":"ATP",
"chebi":"10789",
"kegg.compound":"C00002",
"metanetx.chemical":"MNXM4232",
"origin":"iMK1208"
}
},
{
"id":"amp_c",
"name":"AMP",
"compartment":"c",
"charge":-2,
"formula":"C10H12N5O7P",
"annotation":{
"bigg.metabolite":"amp_c",
"biocyc":"CPD0-1139",
"chebi":"12056",
"kegg.compound":"C00020",
"metanetx.chemical":"MNXM91047",
"origin":"iMK1208"
}
},
{
"id":"ppi_c",
"name":"Diphosphate",
"compartment":"c",
"charge":-3,
"formula":"HO7P2",
"annotation":{
"bigg.metabolite":"ppi_c",
"biocyc":"PYROPHOSPHATE-GROUP",
"chebi":"13420",
"kegg.compound":"C00013",
"metanetx.chemical":"MNXM11",
"origin":"iMK1208"
}
},
{
"id":"NRPS_0",
"name":"NRPS",
"compartment":"d",
"formula":"unknown"
},
{
"id":"NRPS_1",
"name":"NRPS",
"compartment":"d",
"formula":"unknown"
},
{
"id":"asn__L_c",
"name":"L-Asparagine",
"compartment":"c",
"charge":0,
"formula":"C4H8N2O3",
"annotation":{
"bigg.metabolite":"asn__L_c",
"biocyc":"ASN",
"chebi":"13083",
"kegg.compound":"C00152",
"metanetx.chemical":"MNXM943",
"origin":"iMK1208"
}
},
{
"id":"NRPS_2",
"name":"NRPS",
"compartment":"d",
"formula":"unknown"
},
{
"id":"amet_c",
"name":"S-Adenosyl-L-methionine",
"compartment":"c",
"charge":1,
"formula":"C15H23N6O5S",
"annotation":{
"bigg.metabolite":"amet_c",
"biocyc":"S-ADENOSYLMETHIONINE",
"chebi":"10786",
"kegg.compound":"C00019",
"metanetx.chemical":"MNXM16",
"origin":"iMK1208"
}
},
{
"id":"ahcys_c",
"name":"S-Adenosyl-L-homocysteine",
"compartment":"c",
"charge":0,
"formula":"C14H20N6O5S",
"annotation":{
"bigg.metabolite":"ahcys_c",
"biocyc":"ADENOSYL-HOMO-CYS",
"chebi":"12741",
"kegg.compound":"C00021",
"metanetx.chemical":"MNXM19",
"origin":"iMK1208"
}
},
{
"id":"NRPS_3",
"name":"NRPS",
"compartment":"d",
"formula":"unknown"
},
{
"id":"malcoa_c",
"name":"Malonyl-CoA",
"compartment":"c",
"charge":-5,
"formula":"C24H33N7O19P3S",
"annotation":{
"bigg.metabolite":"malcoa_c",
"biocyc":"MALONYL-COA",
"chebi":"14565",
"kegg.compound":"C00083",
"metanetx.chemical":"MNXM40",
"origin":"iMK1208"
}
},
{
"id":"coa_c",
"name":"Coenzyme A",
"compartment":"c",
"charge":-4,
"formula":"C21H32N7O16P3S",
"annotation":{
"bigg.metabolite":"coa_c",
"biocyc":"CO-A",
"chebi":"13294",
"kegg.compound":"C00010",
"metanetx.chemical":"MNXM12",
"origin":"iMK1208"
}
},
{
"id":"co2_c",
"name":"CO2",
"compartment":"c",
"charge":0,
"formula":"CO2",
"annotation":{
"bigg.metabolite":"co2_c",
"biocyc":"CARBON-DIOXIDE",
"chebi":"13282",
"kegg.compound":"C00011",
"metanetx.chemical":"MNXM90191",
"origin":"iMK1208"
}
},
{
"id":"NRPS_4",
"name":"NRPS",
"compartment":"d",
"formula":"unknown"
},
{
"id":"h2o_c",
"name":"H2O",
"compartment":"c",
"charge":0,
"formula":"H2O",
"annotation":{
"bigg.metabolite":"h2o_c",
"biocyc":"WATER",
"chebi":"10743",
"kegg.compound":"C00001",
"metanetx.chemical":"MNXM4940",
"origin":"iMK1208"
}
},
{
"id":"NRPS_5",
"name":"NRPS",
"compartment":"d",
"formula":"unknown"
},
{
"id":"NRPS_6",
"name":"NRPS",
"compartment":"d",
"formula":"unknown"
},
{
"id":"nadph_c",
"name":"Nicotinamide adenine dinucleotide phosphate - reduced",
"compartment":"c",
"charge":-4,
"formula":"C21H26N7O17P3",
"annotation":{
"bigg.metabolite":"nadph_c",
"biocyc":"NADPH",
"chebi":"13392",
"kegg.compound":"C00005",
"metanetx.chemical":"MNXM6",
"origin":"iMK1208"
}
},
{
"id":"h_c",
"name":"H+",
"compartment":"c",
"charge":1,
"formula":"H",
"annotation":{
"bigg.metabolite":"h_c",
"biocyc":"PROTON",
"chebi":"10744",
"kegg.compound":"C00080",
"metanetx.chemical":"MNXM1",
"origin":"iMK1208"
}
},
{
"id":"nadp_c",
"name":"Nicotinamide adenine dinucleotide phosphate",
"compartment":"c",
"charge":-3,
"formula":"C21H25N7O17P3",
"annotation":{
"bigg.metabolite":"nadp_c",
"biocyc":"NADP",
"chebi":"13390",
"kegg.compound":"C00006",
"metanetx.chemical":"MNXM5",
"origin":"iMK1208"
}
},
{
"id":"NRPS_7",
"name":"NRPS",
"compartment":"d",
"formula":"unknown"
},
{
"id":"NRPS_8",
"name":"NRPS",
"compartment":"d",
"formula":"unknown"
},
{
"id":"gly_c",
"name":"Glycine",
"compartment":"c",
"charge":0,
"formula":"C2H5NO2",
"annotation":{
"bigg.metabolite":"gly_c",
"biocyc":"GLY",
"chebi":"10792",
"kegg.compound":"C00037",
"metanetx.chemical":"MNXM1602",
"origin":"iMK1208"
}
},
{
"id":"NRPS_9",
"name":"NRPS",
"compartment":"d",
"formula":"unknown"
},
{
"id":"val__L_c",
"name":"L-Valine",
"compartment":"c",
"charge":0,
"formula":"C5H11NO2",
"annotation":{
"bigg.metabolite":"val__L_c",
"biocyc":"VAL",
"chebi":"13186",
"kegg.compound":"C00183",
"metanetx.chemical":"MNXM658",
"origin":"iMK1208"
}
},
{
"id":"NRPS_10",
"name":"NRPS",
"compartment":"d",
"formula":"unknown"
},
{
"id":"thr__L_c",
"name":"L-Threonine",
"compartment":"c",
"charge":0,
"formula":"C4H9NO3",
"annotation":{
"bigg.metabolite":"thr__L_c",
"biocyc":"THR",
"chebi":"13175",
"kegg.compound":"C00188",
"metanetx.chemical":"MNXM3843",
"origin":"iMK1208"
}
},
{
"id":"NRPS_11",
"name":"NRPS",
"compartment":"d",
"formula":"unknown"
},
{
"id":"NRPS_12",
"name":"NRPS",
"compartment":"d",
"formula":"unknown"
},
{
"id":"NRPS_13",
"name":"NRPS",
"compartment":"d",
"formula":"unknown"
},
{
"id":"NRPS_14",
"name":"NRPS",
"compartment":"d",
"formula":"unknown"
},
{
"id":"ala__L_c",
"name":"L-Alanine",
"compartment":"c",
"charge":0,
"formula":"C3H7NO2",
"annotation":{
"bigg.metabolite":"ala__L_c",
"biocyc":"L-ALPHA-ALANINE",
"chebi":"13069",
"kegg.compound":"C00041",
"metanetx.chemical":"MNXM261",
"origin":"iMK1208"
}
},
{
"id":"NRPS_15",
"name":"NRPS",
"compartment":"d",
"formula":"unknown"
},
{
"id":"NRPS_16",
"name":"NRPS",
"compartment":"d",
"formula":"unknown"
}
],
"reactions":[
{
"id":"NRPS_1",
"name":"NRPS_reaction_1",
"metabolites":{
"NRPS_0":-1,
"NRPS_1":1,
"amp_c":1,
"atp_c":-1,
"ppi_c":1,
"pro__L_c":-1
},
"lower_bound":0.0,
"upper_bound":1000.0,
"gene_reaction_rule":""
},
{
"id":"NRPS_2",
"name":"NRPS_reaction_2",
"metabolites":{
"NRPS_1":-1,
"NRPS_2":1,
"amp_c":1,
"asn__L_c":-1,
"atp_c":-1,
"ppi_c":1
},
"lower_bound":0.0,
"upper_bound":1000.0,
"gene_reaction_rule":""
},
{
"id":"NRPS_3",
"name":"NRPS_reaction_3",
"metabolites":{
"NRPS_2":-1,
"NRPS_3":1,
"ahcys_c":1.0,
"amet_c":-1.0
},
"lower_bound":0.0,
"upper_bound":1000.0,
"gene_reaction_rule":""
},
{
"id":"NRPS_4",
"name":"NRPS_reaction_4",
"metabolites":{
"NRPS_3":-1,
"NRPS_4":1,
"co2_c":1,
"coa_c":1,
"malcoa_c":-1
},
"lower_bound":0.0,
"upper_bound":1000.0,
"gene_reaction_rule":""
},
{
"id":"NRPS_5",
"name":"NRPS_reaction_5",
"metabolites":{
"NRPS_4":-1,
"NRPS_5":1,
"h2o_c":1.0
},
"lower_bound":0.0,
"upper_bound":1000.0,
"gene_reaction_rule":""
},
{
"id":"NRPS_6",
"name":"NRPS_reaction_6",
"metabolites":{
"NRPS_5":-1,
"NRPS_6":1,
"ahcys_c":1.0,
"amet_c":-1.0
},
"lower_bound":0.0,
"upper_bound":1000.0,
"gene_reaction_rule":""
},
{
"id":"NRPS_7",
"name":"NRPS_reaction_7",
"metabolites":{
"NRPS_6":-1,
"NRPS_7":1,
"h_c":-1.0,
"nadp_c":1.0,
"nadph_c":-1.0
},
"lower_bound":0.0,
"upper_bound":1000.0,
"gene_reaction_rule":""
},
{
"id":"NRPS_8",
"name":"NRPS_reaction_8",
"metabolites":{
"NRPS_7":-1,
"NRPS_8":1,
"co2_c":2,
"coa_c":1,
"gly_c":-1,
"malcoa_c":-1
},
"lower_bound":0.0,
"upper_bound":1000.0,
"gene_reaction_rule":""
},
{
"id":"NRPS_9",
"name":"NRPS_reaction_9",
"metabolites":{
"NRPS_8":-1,
"NRPS_9":1,
"co2_c":1,
"coa_c":1,
"malcoa_c":-1
},
"lower_bound":0.0,
"upper_bound":1000.0,
"gene_reaction_rule":""
},
{
"id":"NRPS_10",
"name":"NRPS_reaction_10",
"metabolites":{
"NRPS_10":1,
"NRPS_9":-1,
"amp_c":1,
"atp_c":-1,
"ppi_c":1,
"val__L_c":-1
},
"lower_bound":0.0,
"upper_bound":1000.0,
"gene_reaction_rule":""
},
{
"id":"NRPS_11",
"name":"NRPS_reaction_11",
"metabolites":{
"NRPS_10":-1,
"NRPS_11":1,
"amp_c":1,
"atp_c":-1,
"ppi_c":1,
"thr__L_c":-1
},
"lower_bound":0.0,
"upper_bound":1000.0,
"gene_reaction_rule":""
},
{
"id":"NRPS_12",
"name":"NRPS_reaction_12",
"metabolites":{
"NRPS_11":-1,
"NRPS_12":1,
"amp_c":1,
"asn__L_c":-1,
"atp_c":-1,
"ppi_c":1
},
"lower_bound":0.0,
"upper_bound":1000.0,
"gene_reaction_rule":""
},
{
"id":"NRPS_13",
"name":"NRPS_reaction_13",
"metabolites":{
"NRPS_12":-1,
"NRPS_13":1,
"amp_c":1,
"atp_c":-1,
"ppi_c":1,
"thr__L_c":-1
},
"lower_bound":0.0,
"upper_bound":1000.0,
"gene_reaction_rule":""
},
{
"id":"NRPS_14",
"name":"NRPS_reaction_14",
"metabolites":{
"NRPS_13":-1,
"NRPS_14":1,
"amp_c":1,
"asn__L_c":-1,
"atp_c":-1,
"ppi_c":1
},
"lower_bound":0.0,
"upper_bound":1000.0,
"gene_reaction_rule":""
},
{
"id":"NRPS_15",
"name":"NRPS_reaction_15",
"metabolites":{
"NRPS_14":-1,
"NRPS_15":1,
"ala__L_c":-1,
"amp_c":1,
"atp_c":-1,
"ppi_c":1
},
"lower_bound":0.0,
"upper_bound":1000.0,
"gene_reaction_rule":""
},
{
"id":"NRPS_16",
"name":"NRPS_reaction_16",
"metabolites":{
"NRPS_15":-1,
"NRPS_16":1,
"amp_c":1,
"atp_c":-1,
"ppi_c":1,
"thr__L_c":-1
},
"lower_bound":0.0,
"upper_bound":1000.0,
"gene_reaction_rule":""
},
{
"id":"EX_secondary_metabolite",
"name":"NRPS_reaction",
"metabolites":{
"NRPS_16":-1.0
},
"lower_bound":0.0,
"upper_bound":1000.0,
"gene_reaction_rule":""
},
{
"id":"IN_NRPS",
"name":"NRPS_reaction",
"metabolites":{
"NRPS_0":1.0
},
"lower_bound":0.0,
"upper_bound":1000.0,
"gene_reaction_rule":""
}
],
"genes":[],
"id":"BGC_name",
"compartments":{
"c":"",
"d":""
},
"version":"1"
}