{
"metabolites":[
{
"id":"accoa_c",
"name":"Acetyl-CoA",
"compartment":"c",
"charge":-4,
"formula":"C23H34N7O17P3S",
"annotation":{
"bigg.metabolite":"accoa_c",
"biocyc":"ACETYL-COA",
"chebi":"13712",
"kegg.compound":"C00024",
"metanetx.chemical":"MNXM21",
"origin":"iMK1208"
}
},
{
"id":"malcoa_c",
"name":"Malonyl-CoA",
"compartment":"c",
"charge":-5,
"formula":"C24H33N7O19P3S",
"annotation":{
"bigg.metabolite":"malcoa_c",
"biocyc":"MALONYL-COA",
"chebi":"14565",
"kegg.compound":"C00083",
"metanetx.chemical":"MNXM40",
"origin":"iMK1208"
}
},
{
"id":"coa_c",
"name":"Coenzyme A",
"compartment":"c",
"charge":-4,
"formula":"C21H32N7O16P3S",
"annotation":{
"bigg.metabolite":"coa_c",
"biocyc":"CO-A",
"chebi":"13294",
"kegg.compound":"C00010",
"metanetx.chemical":"MNXM12",
"origin":"iMK1208"
}
},
{
"id":"co2_c",
"name":"CO2",
"compartment":"c",
"charge":0,
"formula":"CO2",
"annotation":{
"bigg.metabolite":"co2_c",
"biocyc":"CARBON-DIOXIDE",
"chebi":"13282",
"kegg.compound":"C00011",
"metanetx.chemical":"MNXM90191",
"origin":"iMK1208"
}
},
{
"id":"h2o_c",
"name":"H2O",
"compartment":"c",
"charge":0,
"formula":"H2O",
"annotation":{
"bigg.metabolite":"h2o_c",
"biocyc":"WATER",
"chebi":"10743",
"kegg.compound":"C00001",
"metanetx.chemical":"MNXM4940",
"origin":"iMK1208"
}
},
{
"id":"tyr__L_c",
"name":"L-Tyrosine",
"compartment":"c",
"charge":0,
"formula":"C9H11NO3",
"annotation":{
"bigg.metabolite":"tyr__L_c",
"biocyc":"TYR",
"chebi":"13181",
"kegg.compound":"C00082",
"metanetx.chemical":"MNXM96506",
"origin":"iMK1208"
}
},
{
"id":"34hpp_c",
"name":"3-(4-Hydroxyphenyl)pyruvate",
"compartment":"c",
"charge":-1,
"formula":"C9H7O4",
"annotation":{
"bigg.metabolite":"34hpp_c",
"kegg.compound":"C01179",
"metanetx.chemical":"MNXM25370",
"origin":"iMK1208"
}
},
{
"id":"dpg_c",
"name":"dihydroxy-phenyl-glycine",
"compartment":"c",
"formula":"na"
},
{
"id":"pphn_c",
"name":"Prephenate",
"compartment":"c",
"charge":-2,
"formula":"C10H8O6",
"annotation":{
"bigg.metabolite":"pphn_c",
"biocyc":"PREPHENATE",
"chebi":"14884",
"kegg.compound":"C00254",
"metanetx.chemical":"MNXM503",
"origin":"iMK1208"
}
},
{
"id":"o2_c",
"name":"O2",
"compartment":"c",
"charge":0,
"formula":"O2",
"annotation":{
"bigg.metabolite":"o2_c",
"biocyc":"OXYGEN-MOLECULE",
"chebi":"10745",
"kegg.compound":"C00007",
"metanetx.chemical":"MNXM3774",
"origin":"iMK1208"
}
},
{
"id":"4hmda_c",
"name":"(S)-4-Hydroxymandelate",
"compartment":"c",
"charge":-1,
"formula":"C8H7O4",
"annotation":{
"bigg.metabolite":"4hmda_c",
"kegg.compound":"C03198",
"metanetx.chemical":"MNXM1301",
"origin":"iMK1208"
}
},
{
"id":"fmn_c",
"name":"FMN",
"compartment":"c",
"charge":-2,
"formula":"C17H19N4O9P",
"annotation":{
"bigg.metabolite":"fmn_c",
"biocyc":"FMN",
"chebi":"13317",
"kegg.compound":"C00061",
"metanetx.chemical":"MNXM119",
"origin":"iMK1208"
}
},
{
"id":"fmnh2_c",
"name":"Reduced FMN",
"compartment":"c",
"charge":-2,
"formula":"C17H21N4O9P",
"annotation":{
"bigg.metabolite":"fmnh2_c",
"biocyc":"FMNH2",
"chebi":"13318",
"kegg.compound":"C01847",
"metanetx.chemical":"MNXM208",
"origin":"iMK1208"
}
},
{
"id":"nadh_c",
"name":"Nicotinamide adenine dinucleotide - reduced",
"compartment":"c",
"charge":-2,
"formula":"C21H27N7O14P2",
"annotation":{
"bigg.metabolite":"nadh_c",
"biocyc":"NADH",
"chebi":"13395",
"kegg.compound":"C00004",
"metanetx.chemical":"MNXM10",
"origin":"iMK1208"
}
},
{
"id":"nad_c",
"name":"Nicotinamide adenine dinucleotide",
"compartment":"c",
"charge":-1,
"formula":"C21H26N7O14P2",
"annotation":{
"bigg.metabolite":"nad_c",
"biocyc":"NAD",
"chebi":"13389",
"kegg.compound":"C00003",
"metanetx.chemical":"MNXM4217",
"origin":"iMK1208"
}
},
{
"id":"4hbf_c",
"name":"4-hydroxy-benzoyl-formate",
"compartment":"c",
"formula":"na"
},
{
"id":"4hpg_c",
"name":"4-hydroxy-phenyl-glycine",
"compartment":"c",
"formula":"na"
},
{
"id":"NRPS_0",
"name":"NRPS",
"compartment":"d",
"formula":"unknown"
},
{
"id":"NRPS_1",
"name":"NRPS",
"compartment":"d",
"formula":"unknown"
},
{
"id":"35dhpg_c",
"name":"dpg",
"compartment":"c",
"formula":"unknown"
},
{
"id":"atp_c",
"name":"ATP",
"compartment":"c",
"charge":-4,
"formula":"C10H12N5O13P3",
"annotation":{
"bigg.metabolite":"atp_c",
"biocyc":"ATP",
"chebi":"10789",
"kegg.compound":"C00002",
"metanetx.chemical":"MNXM4232",
"origin":"iMK1208"
}
},
{
"id":"amp_c",
"name":"AMP",
"compartment":"c",
"charge":-2,
"formula":"C10H12N5O7P",
"annotation":{
"bigg.metabolite":"amp_c",
"biocyc":"CPD0-1139",
"chebi":"12056",
"kegg.compound":"C00020",
"metanetx.chemical":"MNXM91047",
"origin":"iMK1208"
}
},
{
"id":"ppi_c",
"name":"Diphosphate",
"compartment":"c",
"charge":-3,
"formula":"HO7P2",
"annotation":{
"bigg.metabolite":"ppi_c",
"biocyc":"PYROPHOSPHATE-GROUP",
"chebi":"13420",
"kegg.compound":"C00013",
"metanetx.chemical":"MNXM11",
"origin":"iMK1208"
}
},
{
"id":"NRPS_2",
"name":"NRPS",
"compartment":"c",
"formula":"unknown"
},
{
"id":"NRPS_3",
"name":"NRPS",
"compartment":"d",
"formula":"unknown"
},
{
"id":"NRPS_4",
"name":"NRPS",
"compartment":"c",
"formula":"unknown"
},
{
"id":"NRPS_5",
"name":"NRPS",
"compartment":"c",
"formula":"unknown"
},
{
"id":"NRPS_6",
"name":"NRPS",
"compartment":"c",
"formula":"unknown"
},
{
"id":"NRPS_7",
"name":"NRPS",
"compartment":"d",
"formula":"unknown"
},
{
"id":"NRPS_8",
"name":"NRPS",
"compartment":"c",
"formula":"unknown"
}
],
"reactions":[
{
"id":"hpg_synthesis",
"name":"synthesis of dhpg",
"metabolites":{
"34hpp_c":1,
"accoa_c":-1,
"co2_c":3,
"coa_c":4,
"dpg_c":1,
"h2o_c":1,
"malcoa_c":-3,
"tyr__L_c":-1
},
"lower_bound":0.0,
"upper_bound":1000.0,
"gene_reaction_rule":""
},
{
"id":"hpg_synthesis_1",
"name":"synthesis of hpg",
"metabolites":{
"34hpp_c":1,
"co2_c":1,
"h2o_c":1,
"pphn_c":-1
},
"lower_bound":0.0,
"upper_bound":1000.0,
"gene_reaction_rule":""
},
{
"id":"hpg_synthesis_2",
"name":"synthesis of hpg",
"metabolites":{
"34hpp_c":-1,
"4hmda_c":1,
"h2o_c":1,
"o2_c":-1
},
"lower_bound":0.0,
"upper_bound":1000.0,
"gene_reaction_rule":""
},
{
"id":"hpg_synthesis_3",
"name":"synthesis of hpg",
"metabolites":{
"4hbf_c":1,
"4hmda_c":-1,
"fmn_c":-1,
"fmnh2_c":1,
"nad_c":1,
"nadh_c":-1
},
"lower_bound":0.0,
"upper_bound":1000.0,
"gene_reaction_rule":""
},
{
"id":"hpg_synthesis_4",
"name":"synthesis of hpg",
"metabolites":{
"34hpp_c":1,
"4hbf_c":-1,
"4hpg_c":1,
"tyr__L_c":-1
},
"lower_bound":0.0,
"upper_bound":1000.0,
"gene_reaction_rule":""
},
{
"id":"NRPS_1",
"name":"NRPS_reaction_1",
"metabolites":{
"NRPS_0":-1,
"NRPS_1":1,
"co2_c":1,
"coa_c":1,
"malcoa_c":-1
},
"lower_bound":0.0,
"upper_bound":1000.0,
"gene_reaction_rule":""
},
{
"id":"NRPS_2",
"name":"NRPS_reaction_2",
"metabolites":{
"35dhpg_c":-1,
"NRPS_1":-1,
"NRPS_2":1,
"amp_c":1,
"atp_c":-1,
"ppi_c":1
},
"lower_bound":0.0,
"upper_bound":1000.0,
"gene_reaction_rule":""
},
{
"id":"NRPS_3",
"name":"NRPS_reaction_3",
"metabolites":{
"NRPS_2":-1,
"NRPS_3":1,
"amp_c":1,
"atp_c":-1,
"ppi_c":1,
"tyr__L_c":-1
},
"lower_bound":0.0,
"upper_bound":1000.0,
"gene_reaction_rule":""
},
{
"id":"NRPS_4",
"name":"NRPS_reaction_4",
"metabolites":{
"4hpg_c":-1,
"NRPS_3":-1,
"NRPS_4":1,
"amp_c":1,
"atp_c":-1,
"ppi_c":1
},
"lower_bound":0.0,
"upper_bound":1000.0,
"gene_reaction_rule":""
},
{
"id":"NRPS_5",
"name":"NRPS_reaction_5",
"metabolites":{
"4hpg_c":-1,
"NRPS_4":-1,
"NRPS_5":1,
"amp_c":1,
"atp_c":-1,
"ppi_c":1
},
"lower_bound":0.0,
"upper_bound":1000.0,
"gene_reaction_rule":""
},
{
"id":"NRPS_6",
"name":"NRPS_reaction_6",
"metabolites":{
"4hpg_c":-1,
"NRPS_5":-1,
"NRPS_6":1,
"amp_c":1,
"atp_c":-1,
"ppi_c":1
},
"lower_bound":0.0,
"upper_bound":1000.0,
"gene_reaction_rule":""
},
{
"id":"NRPS_7",
"name":"NRPS_reaction_7",
"metabolites":{
"NRPS_6":-1,
"NRPS_7":1,
"amp_c":1,
"atp_c":-1,
"ppi_c":1,
"tyr__L_c":-1
},
"lower_bound":0.0,
"upper_bound":1000.0,
"gene_reaction_rule":""
},
{
"id":"NRPS_8",
"name":"NRPS_reaction_8",
"metabolites":{
"35dhpg_c":-1,
"NRPS_7":-1,
"NRPS_8":1,
"amp_c":1,
"atp_c":-1,
"ppi_c":1
},
"lower_bound":0.0,
"upper_bound":1000.0,
"gene_reaction_rule":""
},
{
"id":"EX_secondary_metabolite",
"name":"NRPS_reaction",
"metabolites":{
"NRPS_8":-1.0
},
"lower_bound":0.0,
"upper_bound":1000.0,
"gene_reaction_rule":""
},
{
"id":"IN_NRPS",
"name":"NRPS_reaction",
"metabolites":{
"NRPS_0":1.0
},
"lower_bound":0.0,
"upper_bound":1000.0,
"gene_reaction_rule":""
}
],
"genes":[],
"id":"BGC_name",
"compartments":{
"c":"",
"d":""
},
"version":"1"
}