{
"metabolites":[
{
"id":"orn_c",
"name":"Ornithine",
"compartment":"c",
"charge":1,
"formula":"C5H13N2O2",
"annotation":{
"bigg.metabolite":"orn_c",
"biocyc":"L-ORNITHINE",
"chebi":"11448",
"kegg.compound":"C00077",
"metanetx.chemical":"MNXM5390",
"origin":"iMK1208"
}
},
{
"id":"atp_c",
"name":"ATP",
"compartment":"c",
"charge":-4,
"formula":"C10H12N5O13P3",
"annotation":{
"bigg.metabolite":"atp_c",
"biocyc":"ATP",
"chebi":"10789",
"kegg.compound":"C00002",
"metanetx.chemical":"MNXM4232",
"origin":"iMK1208"
}
},
{
"id":"amp_c",
"name":"AMP",
"compartment":"c",
"charge":-2,
"formula":"C10H12N5O7P",
"annotation":{
"bigg.metabolite":"amp_c",
"biocyc":"CPD0-1139",
"chebi":"12056",
"kegg.compound":"C00020",
"metanetx.chemical":"MNXM91047",
"origin":"iMK1208"
}
},
{
"id":"ppi_c",
"name":"Diphosphate",
"compartment":"c",
"charge":-3,
"formula":"HO7P2",
"annotation":{
"bigg.metabolite":"ppi_c",
"biocyc":"PYROPHOSPHATE-GROUP",
"chebi":"13420",
"kegg.compound":"C00013",
"metanetx.chemical":"MNXM11",
"origin":"iMK1208"
}
},
{
"id":"NRPS_0",
"name":"NRPS",
"compartment":"d",
"formula":"unknown"
},
{
"id":"NRPS_1",
"name":"NRPS",
"compartment":"d",
"formula":"unknown"
},
{
"id":"val__L_c",
"name":"L-Valine",
"compartment":"c",
"charge":0,
"formula":"C5H11NO2",
"annotation":{
"bigg.metabolite":"val__L_c",
"biocyc":"VAL",
"chebi":"13186",
"kegg.compound":"C00183",
"metanetx.chemical":"MNXM658",
"origin":"iMK1208"
}
},
{
"id":"NRPS_2",
"name":"NRPS",
"compartment":"d",
"formula":"unknown"
},
{
"id":"thr__L_c",
"name":"L-Threonine",
"compartment":"c",
"charge":0,
"formula":"C4H9NO3",
"annotation":{
"bigg.metabolite":"thr__L_c",
"biocyc":"THR",
"chebi":"13175",
"kegg.compound":"C00188",
"metanetx.chemical":"MNXM3843",
"origin":"iMK1208"
}
},
{
"id":"NRPS_3",
"name":"NRPS",
"compartment":"d",
"formula":"unknown"
},
{
"id":"NRPS_4",
"name":"NRPS",
"compartment":"d",
"formula":"unknown"
},
{
"id":"ser__L_c",
"name":"L-Serine",
"compartment":"c",
"charge":0,
"formula":"C3H7NO3",
"annotation":{
"bigg.metabolite":"ser__L_c",
"biocyc":"SER",
"chebi":"13167",
"kegg.compound":"C00065",
"metanetx.chemical":"MNXM10019",
"origin":"iMK1208"
}
},
{
"id":"NRPS_5",
"name":"NRPS",
"compartment":"d",
"formula":"unknown"
},
{
"id":"NRPS_6",
"name":"NRPS",
"compartment":"d",
"formula":"unknown"
},
{
"id":"NRPS_7",
"name":"NRPS",
"compartment":"d",
"formula":"unknown"
},
{
"id":"NRPS_8",
"name":"NRPS",
"compartment":"d",
"formula":"unknown"
},
{
"id":"ile__L_c",
"name":"L-Isoleucine",
"compartment":"c",
"charge":0,
"formula":"C6H13NO2",
"annotation":{
"bigg.metabolite":"ile__L_c",
"biocyc":"ILE",
"chebi":"13127",
"kegg.compound":"C00407",
"metanetx.chemical":"MNXM89761",
"origin":"iMK1208"
}
},
{
"id":"NRPS_9",
"name":"NRPS",
"compartment":"d",
"formula":"unknown"
},
{
"id":"pro__L_c",
"name":"L-Proline",
"compartment":"c",
"charge":0,
"formula":"C5H9NO2",
"annotation":{
"bigg.metabolite":"pro__L_c",
"biocyc":"PRO",
"chebi":"13154",
"kegg.compound":"C00148",
"metanetx.chemical":"MNXM1602",
"origin":"iMK1208"
}
},
{
"id":"NRPS_10",
"name":"NRPS",
"compartment":"d",
"formula":"unknown"
},
{
"id":"NRPS_11",
"name":"NRPS",
"compartment":"d",
"formula":"unknown"
},
{
"id":"NRPS_12",
"name":"NRPS",
"compartment":"d",
"formula":"unknown"
},
{
"id":"NRPS_13",
"name":"NRPS",
"compartment":"d",
"formula":"unknown"
}
],
"reactions":[
{
"id":"NRPS_1",
"name":"NRPS_reaction_1",
"metabolites":{
"NRPS_0":-1,
"NRPS_1":1,
"amp_c":1,
"atp_c":-1,
"orn_c":-1,
"ppi_c":1
},
"lower_bound":0.0,
"upper_bound":1000.0,
"gene_reaction_rule":""
},
{
"id":"NRPS_2",
"name":"NRPS_reaction_2",
"metabolites":{
"NRPS_1":-1,
"NRPS_2":1,
"amp_c":1,
"atp_c":-1,
"ppi_c":1,
"val__L_c":-1
},
"lower_bound":0.0,
"upper_bound":1000.0,
"gene_reaction_rule":""
},
{
"id":"NRPS_3",
"name":"NRPS_reaction_3",
"metabolites":{
"NRPS_2":-1,
"NRPS_3":1,
"amp_c":1,
"atp_c":-1,
"ppi_c":1,
"thr__L_c":-1
},
"lower_bound":0.0,
"upper_bound":1000.0,
"gene_reaction_rule":""
},
{
"id":"NRPS_4",
"name":"NRPS_reaction_4",
"metabolites":{
"NRPS_3":-1,
"NRPS_4":1,
"amp_c":1,
"atp_c":-1,
"orn_c":-1,
"ppi_c":1
},
"lower_bound":0.0,
"upper_bound":1000.0,
"gene_reaction_rule":""
},
{
"id":"NRPS_5",
"name":"NRPS_reaction_5",
"metabolites":{
"NRPS_4":-1,
"NRPS_5":1,
"amp_c":1,
"atp_c":-1,
"ppi_c":1,
"ser__L_c":-1
},
"lower_bound":0.0,
"upper_bound":1000.0,
"gene_reaction_rule":""
},
{
"id":"NRPS_6",
"name":"NRPS_reaction_6",
"metabolites":{
"NRPS_5":-1,
"NRPS_6":1,
"amp_c":1,
"atp_c":-1,
"ppi_c":1,
"val__L_c":-1
},
"lower_bound":0.0,
"upper_bound":1000.0,
"gene_reaction_rule":""
},
{
"id":"NRPS_7",
"name":"NRPS_reaction_7",
"metabolites":{
"NRPS_6":-1,
"NRPS_7":1,
"amp_c":1,
"atp_c":-1,
"orn_c":-1,
"ppi_c":1
},
"lower_bound":0.0,
"upper_bound":1000.0,
"gene_reaction_rule":""
},
{
"id":"NRPS_8",
"name":"NRPS_reaction_8",
"metabolites":{
"NRPS_7":-1,
"NRPS_8":1,
"amp_c":1,
"atp_c":-1,
"ppi_c":1,
"ser__L_c":-1
},
"lower_bound":0.0,
"upper_bound":1000.0,
"gene_reaction_rule":""
},
{
"id":"NRPS_9",
"name":"NRPS_reaction_9",
"metabolites":{
"NRPS_8":-1,
"NRPS_9":1,
"amp_c":1,
"atp_c":-1,
"ile__L_c":-1,
"ppi_c":1
},
"lower_bound":0.0,
"upper_bound":1000.0,
"gene_reaction_rule":""
},
{
"id":"NRPS_10",
"name":"NRPS_reaction_10",
"metabolites":{
"NRPS_10":1,
"NRPS_9":-1,
"amp_c":1,
"atp_c":-1,
"ppi_c":1,
"pro__L_c":-1
},
"lower_bound":0.0,
"upper_bound":1000.0,
"gene_reaction_rule":""
},
{
"id":"NRPS_11",
"name":"NRPS_reaction_11",
"metabolites":{
"NRPS_10":-1,
"NRPS_11":1,
"amp_c":1,
"atp_c":-1,
"ppi_c":1,
"val__L_c":-1
},
"lower_bound":0.0,
"upper_bound":1000.0,
"gene_reaction_rule":""
},
{
"id":"NRPS_12",
"name":"NRPS_reaction_12",
"metabolites":{
"NRPS_11":-1,
"NRPS_12":1,
"amp_c":1,
"atp_c":-1,
"orn_c":-1,
"ppi_c":1
},
"lower_bound":0.0,
"upper_bound":1000.0,
"gene_reaction_rule":""
},
{
"id":"NRPS_13",
"name":"NRPS_reaction_13",
"metabolites":{
"NRPS_12":-1,
"NRPS_13":1,
"amp_c":1,
"atp_c":-1,
"ile__L_c":-1,
"ppi_c":1
},
"lower_bound":0.0,
"upper_bound":1000.0,
"gene_reaction_rule":""
},
{
"id":"EX_secondary_metabolite",
"name":"NRPS_reaction",
"metabolites":{
"NRPS_13":-1.0
},
"lower_bound":0.0,
"upper_bound":1000.0,
"gene_reaction_rule":""
},
{
"id":"IN_NRPS",
"name":"NRPS_reaction",
"metabolites":{
"NRPS_0":1.0
},
"lower_bound":0.0,
"upper_bound":1000.0,
"gene_reaction_rule":""
}
],
"genes":[],
"id":"BGC_name",
"compartments":{
"c":"",
"d":""
},
"version":"1"
}