{
"metabolites":[
{
"id":"malcoa_c",
"name":"Malonyl-CoA",
"compartment":"c",
"charge":-5,
"formula":"C24H33N7O19P3S",
"annotation":{
"bigg.metabolite":"malcoa_c",
"biocyc":"MALONYL-COA",
"chebi":"14565",
"kegg.compound":"C00083",
"metanetx.chemical":"MNXM40",
"origin":"iMK1208"
}
},
{
"id":"coa_c",
"name":"Coenzyme A",
"compartment":"c",
"charge":-4,
"formula":"C21H32N7O16P3S",
"annotation":{
"bigg.metabolite":"coa_c",
"biocyc":"CO-A",
"chebi":"13294",
"kegg.compound":"C00010",
"metanetx.chemical":"MNXM12",
"origin":"iMK1208"
}
},
{
"id":"co2_c",
"name":"CO2",
"compartment":"c",
"charge":0,
"formula":"CO2",
"annotation":{
"bigg.metabolite":"co2_c",
"biocyc":"CARBON-DIOXIDE",
"chebi":"13282",
"kegg.compound":"C00011",
"metanetx.chemical":"MNXM90191",
"origin":"iMK1208"
}
},
{
"id":"NRPS_0",
"name":"NRPS",
"compartment":"d",
"formula":"unknown"
},
{
"id":"NRPS_1",
"name":"NRPS",
"compartment":"d",
"formula":"unknown"
},
{
"id":"asp__L_c",
"name":"L-Aspartate",
"compartment":"c",
"charge":-1,
"formula":"C4H6NO4",
"annotation":{
"bigg.metabolite":"asp__L_c",
"biocyc":"L-ASPARTATE",
"chebi":"13085",
"kegg.compound":"C00049",
"metanetx.chemical":"MNXM4232",
"origin":"iMK1208"
}
},
{
"id":"atp_c",
"name":"ATP",
"compartment":"c",
"charge":-4,
"formula":"C10H12N5O13P3",
"annotation":{
"bigg.metabolite":"atp_c",
"biocyc":"ATP",
"chebi":"10789",
"kegg.compound":"C00002",
"metanetx.chemical":"MNXM4232",
"origin":"iMK1208"
}
},
{
"id":"amp_c",
"name":"AMP",
"compartment":"c",
"charge":-2,
"formula":"C10H12N5O7P",
"annotation":{
"bigg.metabolite":"amp_c",
"biocyc":"CPD0-1139",
"chebi":"12056",
"kegg.compound":"C00020",
"metanetx.chemical":"MNXM91047",
"origin":"iMK1208"
}
},
{
"id":"ppi_c",
"name":"Diphosphate",
"compartment":"c",
"charge":-3,
"formula":"HO7P2",
"annotation":{
"bigg.metabolite":"ppi_c",
"biocyc":"PYROPHOSPHATE-GROUP",
"chebi":"13420",
"kegg.compound":"C00013",
"metanetx.chemical":"MNXM11",
"origin":"iMK1208"
}
},
{
"id":"NRPS_2",
"name":"NRPS",
"compartment":"d",
"formula":"unknown"
},
{
"id":"thr__L_c",
"name":"L-Threonine",
"compartment":"c",
"charge":0,
"formula":"C4H9NO3",
"annotation":{
"bigg.metabolite":"thr__L_c",
"biocyc":"THR",
"chebi":"13175",
"kegg.compound":"C00188",
"metanetx.chemical":"MNXM3843",
"origin":"iMK1208"
}
},
{
"id":"NRPS_3",
"name":"NRPS",
"compartment":"d",
"formula":"unknown"
},
{
"id":"phe__L_c",
"name":"L-Phenylalanine",
"compartment":"c",
"charge":0,
"formula":"C9H11NO2",
"annotation":{
"bigg.metabolite":"phe__L_c",
"biocyc":"PHE",
"chebi":"13151",
"kegg.compound":"C00079",
"metanetx.chemical":"MNXM658",
"origin":"iMK1208"
}
},
{
"id":"NRPS_4",
"name":"NRPS",
"compartment":"d",
"formula":"unknown"
},
{
"id":"arg__L_c",
"name":"L-Arginine",
"compartment":"c",
"charge":1,
"formula":"C6H15N4O2",
"annotation":{
"bigg.metabolite":"arg__L_c",
"biocyc":"ARG",
"chebi":"13077",
"kegg.compound":"C00062",
"metanetx.chemical":"MNXM478",
"origin":"iMK1208"
}
},
{
"id":"NRPS_5",
"name":"NRPS",
"compartment":"d",
"formula":"unknown"
},
{
"id":"24dab_c",
"name":"L-2,4-Diaminobutanoate",
"compartment":"c",
"charge":0,
"formula":"C4H10N2O2",
"annotation":{
"bigg.metabolite":"24dab_c",
"biocyc":"CPD-470",
"chebi":"13044",
"kegg.compound":"C03283",
"metanetx.chemical":"MNXM840",
"origin":"iMK1208"
}
},
{
"id":"NRPS_6",
"name":"NRPS",
"compartment":"d",
"formula":"unknown"
},
{
"id":"NRPS_7",
"name":"NRPS",
"compartment":"d",
"formula":"unknown"
},
{
"id":"ser__L_c",
"name":"L-Serine",
"compartment":"c",
"charge":0,
"formula":"C3H7NO3",
"annotation":{
"bigg.metabolite":"ser__L_c",
"biocyc":"SER",
"chebi":"13167",
"kegg.compound":"C00065",
"metanetx.chemical":"MNXM10019",
"origin":"iMK1208"
}
},
{
"id":"NRPS_8",
"name":"NRPS",
"compartment":"d",
"formula":"unknown"
},
{
"id":"NRPS_9",
"name":"NRPS",
"compartment":"d",
"formula":"unknown"
},
{
"id":"NRPS_10",
"name":"NRPS",
"compartment":"d",
"formula":"unknown"
},
{
"id":"NRPS_11",
"name":"NRPS",
"compartment":"d",
"formula":"unknown"
},
{
"id":"pro__L_c",
"name":"L-Proline",
"compartment":"c",
"charge":0,
"formula":"C5H9NO2",
"annotation":{
"bigg.metabolite":"pro__L_c",
"biocyc":"PRO",
"chebi":"13154",
"kegg.compound":"C00148",
"metanetx.chemical":"MNXM1602",
"origin":"iMK1208"
}
},
{
"id":"NRPS_12",
"name":"NRPS",
"compartment":"d",
"formula":"unknown"
},
{
"id":"val__L_c",
"name":"L-Valine",
"compartment":"c",
"charge":0,
"formula":"C5H11NO2",
"annotation":{
"bigg.metabolite":"val__L_c",
"biocyc":"VAL",
"chebi":"13186",
"kegg.compound":"C00183",
"metanetx.chemical":"MNXM658",
"origin":"iMK1208"
}
},
{
"id":"NRPS_13",
"name":"NRPS",
"compartment":"d",
"formula":"unknown"
},
{
"id":"leu__L_c",
"name":"L-Leucine",
"compartment":"c",
"charge":0,
"formula":"C6H13NO2",
"annotation":{
"bigg.metabolite":"leu__L_c",
"biocyc":"LEU",
"chebi":"10866",
"kegg.compound":"C00123",
"metanetx.chemical":"MNXM89761",
"origin":"iMK1208"
}
},
{
"id":"NRPS_14",
"name":"NRPS",
"compartment":"d",
"formula":"unknown"
},
{
"id":"ala__L_c",
"name":"L-Alanine",
"compartment":"c",
"charge":0,
"formula":"C3H7NO2",
"annotation":{
"bigg.metabolite":"ala__L_c",
"biocyc":"L-ALPHA-ALANINE",
"chebi":"13069",
"kegg.compound":"C00041",
"metanetx.chemical":"MNXM261",
"origin":"iMK1208"
}
},
{
"id":"NRPS_15",
"name":"NRPS",
"compartment":"d",
"formula":"unknown"
},
{
"id":"NRPS_16",
"name":"NRPS",
"compartment":"d",
"formula":"unknown"
},
{
"id":"NRPS_17",
"name":"NRPS",
"compartment":"d",
"formula":"unknown"
},
{
"id":"NRPS_18",
"name":"NRPS",
"compartment":"d",
"formula":"unknown"
},
{
"id":"NRPS_19",
"name":"NRPS",
"compartment":"d",
"formula":"unknown"
},
{
"id":"NRPS_20",
"name":"NRPS",
"compartment":"d",
"formula":"unknown"
},
{
"id":"NRPS_21",
"name":"NRPS",
"compartment":"d",
"formula":"unknown"
},
{
"id":"NRPS_22",
"name":"NRPS",
"compartment":"d",
"formula":"unknown"
},
{
"id":"NRPS_23",
"name":"NRPS",
"compartment":"d",
"formula":"unknown"
},
{
"id":"NRPS_24",
"name":"NRPS",
"compartment":"d",
"formula":"unknown"
},
{
"id":"NRPS_25",
"name":"NRPS",
"compartment":"d",
"formula":"unknown"
},
{
"id":"NRPS_26",
"name":"NRPS",
"compartment":"d",
"formula":"unknown"
},
{
"id":"NRPS_27",
"name":"NRPS",
"compartment":"d",
"formula":"unknown"
},
{
"id":"NRPS_28",
"name":"NRPS",
"compartment":"d",
"formula":"unknown"
},
{
"id":"NRPS_29",
"name":"NRPS",
"compartment":"d",
"formula":"unknown"
},
{
"id":"NRPS_30",
"name":"NRPS",
"compartment":"d",
"formula":"unknown"
},
{
"id":"NRPS_31",
"name":"NRPS",
"compartment":"d",
"formula":"unknown"
},
{
"id":"tyr__L_c",
"name":"L-Tyrosine",
"compartment":"c",
"charge":0,
"formula":"C9H11NO3",
"annotation":{
"bigg.metabolite":"tyr__L_c",
"biocyc":"TYR",
"chebi":"13181",
"kegg.compound":"C00082",
"metanetx.chemical":"MNXM96506",
"origin":"iMK1208"
}
},
{
"id":"NRPS_32",
"name":"NRPS",
"compartment":"d",
"formula":"unknown"
}
],
"reactions":[
{
"id":"NRPS_1",
"name":"NRPS_reaction_1",
"metabolites":{
"NRPS_0":-1,
"NRPS_1":1,
"co2_c":1,
"coa_c":1,
"malcoa_c":-1
},
"lower_bound":0.0,
"upper_bound":1000.0,
"gene_reaction_rule":""
},
{
"id":"NRPS_2",
"name":"NRPS_reaction_2",
"metabolites":{
"NRPS_1":-1,
"NRPS_2":1,
"amp_c":1,
"asp__L_c":-1,
"atp_c":-1,
"ppi_c":1
},
"lower_bound":0.0,
"upper_bound":1000.0,
"gene_reaction_rule":""
},
{
"id":"NRPS_3",
"name":"NRPS_reaction_3",
"metabolites":{
"NRPS_2":-1,
"NRPS_3":1,
"amp_c":1,
"atp_c":-1,
"ppi_c":1,
"thr__L_c":-1
},
"lower_bound":0.0,
"upper_bound":1000.0,
"gene_reaction_rule":""
},
{
"id":"NRPS_4",
"name":"NRPS_reaction_4",
"metabolites":{
"NRPS_3":-1,
"NRPS_4":1,
"amp_c":1,
"atp_c":-1,
"phe__L_c":-1,
"ppi_c":1
},
"lower_bound":0.0,
"upper_bound":1000.0,
"gene_reaction_rule":""
},
{
"id":"NRPS_5",
"name":"NRPS_reaction_5",
"metabolites":{
"NRPS_4":-1,
"NRPS_5":1,
"amp_c":1,
"arg__L_c":-1,
"atp_c":-1,
"ppi_c":1
},
"lower_bound":0.0,
"upper_bound":1000.0,
"gene_reaction_rule":""
},
{
"id":"NRPS_6",
"name":"NRPS_reaction_6",
"metabolites":{
"24dab_c":-1,
"NRPS_5":-1,
"NRPS_6":1,
"amp_c":1,
"atp_c":-1,
"ppi_c":1
},
"lower_bound":0.0,
"upper_bound":1000.0,
"gene_reaction_rule":""
},
{
"id":"NRPS_7",
"name":"NRPS_reaction_7",
"metabolites":{
"24dab_c":-1,
"NRPS_6":-1,
"NRPS_7":1,
"amp_c":1,
"atp_c":-1,
"ppi_c":1
},
"lower_bound":0.0,
"upper_bound":1000.0,
"gene_reaction_rule":""
},
{
"id":"NRPS_8",
"name":"NRPS_reaction_8",
"metabolites":{
"NRPS_7":-1,
"NRPS_8":1,
"amp_c":1,
"atp_c":-1,
"ppi_c":1,
"ser__L_c":-1
},
"lower_bound":0.0,
"upper_bound":1000.0,
"gene_reaction_rule":""
},
{
"id":"NRPS_9",
"name":"NRPS_reaction_9",
"metabolites":{
"NRPS_8":-1,
"NRPS_9":1,
"amp_c":1,
"atp_c":-1,
"ppi_c":1,
"ser__L_c":-1
},
"lower_bound":0.0,
"upper_bound":1000.0,
"gene_reaction_rule":""
},
{
"id":"NRPS_10",
"name":"NRPS_reaction_10",
"metabolites":{
"NRPS_10":1,
"NRPS_9":-1,
"amp_c":1,
"atp_c":-1,
"ppi_c":1,
"thr__L_c":-1
},
"lower_bound":0.0,
"upper_bound":1000.0,
"gene_reaction_rule":""
},
{
"id":"NRPS_11",
"name":"NRPS_reaction_11",
"metabolites":{
"NRPS_10":-1,
"NRPS_11":1,
"amp_c":1,
"atp_c":-1,
"ppi_c":1,
"thr__L_c":-1
},
"lower_bound":0.0,
"upper_bound":1000.0,
"gene_reaction_rule":""
},
{
"id":"NRPS_12",
"name":"NRPS_reaction_12",
"metabolites":{
"NRPS_11":-1,
"NRPS_12":1,
"amp_c":1,
"atp_c":-1,
"ppi_c":1,
"pro__L_c":-1
},
"lower_bound":0.0,
"upper_bound":1000.0,
"gene_reaction_rule":""
},
{
"id":"NRPS_13",
"name":"NRPS_reaction_13",
"metabolites":{
"NRPS_12":-1,
"NRPS_13":1,
"amp_c":1,
"atp_c":-1,
"ppi_c":1,
"val__L_c":-1
},
"lower_bound":0.0,
"upper_bound":1000.0,
"gene_reaction_rule":""
},
{
"id":"NRPS_14",
"name":"NRPS_reaction_14",
"metabolites":{
"NRPS_13":-1,
"NRPS_14":1,
"amp_c":1,
"atp_c":-1,
"leu__L_c":-1,
"ppi_c":1
},
"lower_bound":0.0,
"upper_bound":1000.0,
"gene_reaction_rule":""
},
{
"id":"NRPS_15",
"name":"NRPS_reaction_15",
"metabolites":{
"NRPS_14":-1,
"NRPS_15":1,
"ala__L_c":-1,
"amp_c":1,
"atp_c":-1,
"ppi_c":1
},
"lower_bound":0.0,
"upper_bound":1000.0,
"gene_reaction_rule":""
},
{
"id":"NRPS_16",
"name":"NRPS_reaction_16",
"metabolites":{
"NRPS_15":-1,
"NRPS_16":1,
"ala__L_c":-1,
"amp_c":1,
"atp_c":-1,
"ppi_c":1
},
"lower_bound":0.0,
"upper_bound":1000.0,
"gene_reaction_rule":""
},
{
"id":"NRPS_17",
"name":"NRPS_reaction_17",
"metabolites":{
"NRPS_16":-1,
"NRPS_17":1,
"ala__L_c":-1,
"amp_c":1,
"atp_c":-1,
"ppi_c":1
},
"lower_bound":0.0,
"upper_bound":1000.0,
"gene_reaction_rule":""
},
{
"id":"NRPS_18",
"name":"NRPS_reaction_18",
"metabolites":{
"NRPS_17":-1,
"NRPS_18":1,
"amp_c":1,
"atp_c":-1,
"ppi_c":1,
"val__L_c":-1
},
"lower_bound":0.0,
"upper_bound":1000.0,
"gene_reaction_rule":""
},
{
"id":"NRPS_19",
"name":"NRPS_reaction_19",
"metabolites":{
"NRPS_18":-1,
"NRPS_19":1,
"amp_c":1,
"atp_c":-1,
"ppi_c":1,
"thr__L_c":-1
},
"lower_bound":0.0,
"upper_bound":1000.0,
"gene_reaction_rule":""
},
{
"id":"NRPS_20",
"name":"NRPS_reaction_20",
"metabolites":{
"NRPS_19":-1,
"NRPS_20":1,
"ala__L_c":-1,
"amp_c":1,
"atp_c":-1,
"ppi_c":1
},
"lower_bound":0.0,
"upper_bound":1000.0,
"gene_reaction_rule":""
},
{
"id":"NRPS_21",
"name":"NRPS_reaction_21",
"metabolites":{
"NRPS_20":-1,
"NRPS_21":1,
"amp_c":1,
"atp_c":-1,
"ppi_c":1,
"val__L_c":-1
},
"lower_bound":0.0,
"upper_bound":1000.0,
"gene_reaction_rule":""
},
{
"id":"NRPS_22",
"name":"NRPS_reaction_22",
"metabolites":{
"NRPS_21":-1,
"NRPS_22":1,
"ala__L_c":-1,
"amp_c":1,
"atp_c":-1,
"ppi_c":1
},
"lower_bound":0.0,
"upper_bound":1000.0,
"gene_reaction_rule":""
},
{
"id":"NRPS_23",
"name":"NRPS_reaction_23",
"metabolites":{
"NRPS_22":-1,
"NRPS_23":1,
"ala__L_c":-1,
"amp_c":1,
"atp_c":-1,
"ppi_c":1
},
"lower_bound":0.0,
"upper_bound":1000.0,
"gene_reaction_rule":""
},
{
"id":"NRPS_24",
"name":"NRPS_reaction_24",
"metabolites":{
"NRPS_23":-1,
"NRPS_24":1,
"amp_c":1,
"atp_c":-1,
"ppi_c":1,
"thr__L_c":-1
},
"lower_bound":0.0,
"upper_bound":1000.0,
"gene_reaction_rule":""
},
{
"id":"NRPS_25",
"name":"NRPS_reaction_25",
"metabolites":{
"NRPS_24":-1,
"NRPS_25":1,
"amp_c":1,
"atp_c":-1,
"ppi_c":1,
"thr__L_c":-1
},
"lower_bound":0.0,
"upper_bound":1000.0,
"gene_reaction_rule":""
},
{
"id":"NRPS_26",
"name":"NRPS_reaction_26",
"metabolites":{
"NRPS_25":-1,
"NRPS_26":1,
"amp_c":1,
"atp_c":-1,
"ppi_c":1,
"ser__L_c":-1
},
"lower_bound":0.0,
"upper_bound":1000.0,
"gene_reaction_rule":""
},
{
"id":"NRPS_27",
"name":"NRPS_reaction_27",
"metabolites":{
"NRPS_26":-1,
"NRPS_27":1,
"ala__L_c":-1,
"amp_c":1,
"atp_c":-1,
"ppi_c":1
},
"lower_bound":0.0,
"upper_bound":1000.0,
"gene_reaction_rule":""
},
{
"id":"NRPS_28",
"name":"NRPS_reaction_28",
"metabolites":{
"NRPS_27":-1,
"NRPS_28":1,
"amp_c":1,
"atp_c":-1,
"ppi_c":1,
"thr__L_c":-1
},
"lower_bound":0.0,
"upper_bound":1000.0,
"gene_reaction_rule":""
},
{
"id":"NRPS_29",
"name":"NRPS_reaction_29",
"metabolites":{
"NRPS_28":-1,
"NRPS_29":1,
"ala__L_c":-1,
"amp_c":1,
"atp_c":-1,
"ppi_c":1
},
"lower_bound":0.0,
"upper_bound":1000.0,
"gene_reaction_rule":""
},
{
"id":"NRPS_30",
"name":"NRPS_reaction_30",
"metabolites":{
"24dab_c":-1,
"NRPS_29":-1,
"NRPS_30":1,
"amp_c":1,
"atp_c":-1,
"ppi_c":1
},
"lower_bound":0.0,
"upper_bound":1000.0,
"gene_reaction_rule":""
},
{
"id":"NRPS_31",
"name":"NRPS_reaction_31",
"metabolites":{
"24dab_c":-1,
"NRPS_30":-1,
"NRPS_31":1,
"amp_c":1,
"atp_c":-1,
"ppi_c":1
},
"lower_bound":0.0,
"upper_bound":1000.0,
"gene_reaction_rule":""
},
{
"id":"NRPS_32",
"name":"NRPS_reaction_32",
"metabolites":{
"NRPS_31":-1,
"NRPS_32":1,
"amp_c":1,
"atp_c":-1,
"ppi_c":1,
"tyr__L_c":-1
},
"lower_bound":0.0,
"upper_bound":1000.0,
"gene_reaction_rule":""
},
{
"id":"EX_secondary_metabolite",
"name":"NRPS_reaction",
"metabolites":{
"NRPS_32":-1.0
},
"lower_bound":0.0,
"upper_bound":1000.0,
"gene_reaction_rule":""
},
{
"id":"IN_NRPS",
"name":"NRPS_reaction",
"metabolites":{
"NRPS_0":1.0
},
"lower_bound":0.0,
"upper_bound":1000.0,
"gene_reaction_rule":""
}
],
"genes":[],
"id":"BGC_name",
"compartments":{
"c":"",
"d":""
},
"version":"1"
}