{
"metabolites":[
{
"id":"lanthipeptide",
"name":"lanthipeptide",
"compartment":"d",
"formula":"unknown_but_can_find"
},
{
"id":"val__L_c",
"name":"L-Valine",
"compartment":"c",
"charge":0,
"formula":"C5H11NO2",
"annotation":{
"bigg.metabolite":"val__L_c",
"biocyc":"VAL",
"chebi":"13186",
"kegg.compound":"C00183",
"metanetx.chemical":"MNXM658",
"origin":"iMK1208"
}
},
{
"id":"thr__L_c",
"name":"L-Threonine",
"compartment":"c",
"charge":0,
"formula":"C4H9NO3",
"annotation":{
"bigg.metabolite":"thr__L_c",
"biocyc":"THR",
"chebi":"13175",
"kegg.compound":"C00188",
"metanetx.chemical":"MNXM3843",
"origin":"iMK1208"
}
},
{
"id":"ser__L_c",
"name":"L-Serine",
"compartment":"c",
"charge":0,
"formula":"C3H7NO3",
"annotation":{
"bigg.metabolite":"ser__L_c",
"biocyc":"SER",
"chebi":"13167",
"kegg.compound":"C00065",
"metanetx.chemical":"MNXM10019",
"origin":"iMK1208"
}
},
{
"id":"trp__L_c",
"name":"L-Tryptophan",
"compartment":"c",
"charge":0,
"formula":"C11H12N2O2",
"annotation":{
"bigg.metabolite":"trp__L_c",
"biocyc":"TRP",
"chebi":"13178",
"kegg.compound":"C00078",
"metanetx.chemical":"MNXM3843",
"origin":"iMK1208"
}
},
{
"id":"leu__L_c",
"name":"L-Leucine",
"compartment":"c",
"charge":0,
"formula":"C6H13NO2",
"annotation":{
"bigg.metabolite":"leu__L_c",
"biocyc":"LEU",
"chebi":"10866",
"kegg.compound":"C00123",
"metanetx.chemical":"MNXM89761",
"origin":"iMK1208"
}
},
{
"id":"cys__L_c",
"name":"L-Cysteine",
"compartment":"c",
"charge":0,
"formula":"C3H7NO2S",
"annotation":{
"bigg.metabolite":"cys__L_c",
"biocyc":"CYS",
"chebi":"13095",
"kegg.compound":"C00097",
"metanetx.chemical":"MNXM212",
"origin":"iMK1208"
}
},
{
"id":"pro__L_c",
"name":"L-Proline",
"compartment":"c",
"charge":0,
"formula":"C5H9NO2",
"annotation":{
"bigg.metabolite":"pro__L_c",
"biocyc":"PRO",
"chebi":"13154",
"kegg.compound":"C00148",
"metanetx.chemical":"MNXM1602",
"origin":"iMK1208"
}
},
{
"id":"gly_c",
"name":"Glycine",
"compartment":"c",
"charge":0,
"formula":"C2H5NO2",
"annotation":{
"bigg.metabolite":"gly_c",
"biocyc":"GLY",
"chebi":"10792",
"kegg.compound":"C00037",
"metanetx.chemical":"MNXM1602",
"origin":"iMK1208"
}
},
{
"id":"asn__L_c",
"name":"L-Asparagine",
"compartment":"c",
"charge":0,
"formula":"C4H8N2O3",
"annotation":{
"bigg.metabolite":"asn__L_c",
"biocyc":"ASN",
"chebi":"13083",
"kegg.compound":"C00152",
"metanetx.chemical":"MNXM943",
"origin":"iMK1208"
}
},
{
"id":"phe__L_c",
"name":"L-Phenylalanine",
"compartment":"c",
"charge":0,
"formula":"C9H11NO2",
"annotation":{
"bigg.metabolite":"phe__L_c",
"biocyc":"PHE",
"chebi":"13151",
"kegg.compound":"C00079",
"metanetx.chemical":"MNXM658",
"origin":"iMK1208"
}
}
],
"reactions":[
{
"id":"lanthipeptide",
"name":"lanthipeptide_reaction",
"metabolites":{
"asn__L_c":-1,
"cys__L_c":-5,
"gly_c":-4,
"lanthipeptide":1.0,
"leu__L_c":-1,
"phe__L_c":-1,
"pro__L_c":-2,
"ser__L_c":-5,
"thr__L_c":-3,
"trp__L_c":-1,
"val__L_c":-1
},
"lower_bound":0.0,
"upper_bound":1000.0,
"gene_reaction_rule":""
}
],
"genes":[],
"id":"BGC_name",
"compartments":{
"c":"",
"d":""
},
"version":"1"
}