{
"metabolites":[
{
"id":"gly_c",
"name":"Glycine",
"compartment":"c",
"charge":0,
"formula":"C2H5NO2",
"annotation":{
"bigg.metabolite":"gly_c",
"biocyc":"GLY",
"chebi":"10792",
"kegg.compound":"C00037",
"metanetx.chemical":"MNXM1602",
"origin":"iMK1208"
}
},
{
"id":"X_c",
"name":"Unknown amino acid",
"compartment":"c",
"formula":"na"
},
{
"id":"ala__L_c",
"name":"L-Alanine",
"compartment":"c",
"charge":0,
"formula":"C3H7NO2",
"annotation":{
"bigg.metabolite":"ala__L_c",
"biocyc":"L-ALPHA-ALANINE",
"chebi":"13069",
"kegg.compound":"C00041",
"metanetx.chemical":"MNXM261",
"origin":"iMK1208"
}
},
{
"id":"val__L_c",
"name":"L-Valine",
"compartment":"c",
"charge":0,
"formula":"C5H11NO2",
"annotation":{
"bigg.metabolite":"val__L_c",
"biocyc":"VAL",
"chebi":"13186",
"kegg.compound":"C00183",
"metanetx.chemical":"MNXM658",
"origin":"iMK1208"
}
},
{
"id":"leu__L_c",
"name":"L-Leucine",
"compartment":"c",
"charge":0,
"formula":"C6H13NO2",
"annotation":{
"bigg.metabolite":"leu__L_c",
"biocyc":"LEU",
"chebi":"10866",
"kegg.compound":"C00123",
"metanetx.chemical":"MNXM89761",
"origin":"iMK1208"
}
},
{
"id":"ile__L_c",
"name":"L-Isoleucine",
"compartment":"c",
"charge":0,
"formula":"C6H13NO2",
"annotation":{
"bigg.metabolite":"ile__L_c",
"biocyc":"ILE",
"chebi":"13127",
"kegg.compound":"C00407",
"metanetx.chemical":"MNXM89761",
"origin":"iMK1208"
}
},
{
"id":"asp__L_c",
"name":"L-Aspartate",
"compartment":"c",
"charge":-1,
"formula":"C4H6NO4",
"annotation":{
"bigg.metabolite":"asp__L_c",
"biocyc":"L-ASPARTATE",
"chebi":"13085",
"kegg.compound":"C00049",
"metanetx.chemical":"MNXM4232",
"origin":"iMK1208"
}
},
{
"id":"asn__L_c",
"name":"L-Asparagine",
"compartment":"c",
"charge":0,
"formula":"C4H8N2O3",
"annotation":{
"bigg.metabolite":"asn__L_c",
"biocyc":"ASN",
"chebi":"13083",
"kegg.compound":"C00152",
"metanetx.chemical":"MNXM943",
"origin":"iMK1208"
}
},
{
"id":"glu__L_c",
"name":"L-Glutamate",
"compartment":"c",
"charge":-1,
"formula":"C5H8NO4",
"annotation":{
"bigg.metabolite":"glu__L_c",
"biocyc":"GLT",
"chebi":"13107",
"kegg.compound":"C00025",
"metanetx.chemical":"MNXM42005",
"origin":"iMK1208"
}
},
{
"id":"gln__L_c",
"name":"L-Glutamine",
"compartment":"c",
"charge":0,
"formula":"C5H10N2O3",
"annotation":{
"bigg.metabolite":"gln__L_c",
"biocyc":"GLN",
"chebi":"13110",
"kegg.compound":"C00064",
"metanetx.chemical":"MNXM91047",
"origin":"iMK1208"
}
},
{
"id":"ser__L_c",
"name":"L-Serine",
"compartment":"c",
"charge":0,
"formula":"C3H7NO3",
"annotation":{
"bigg.metabolite":"ser__L_c",
"biocyc":"SER",
"chebi":"13167",
"kegg.compound":"C00065",
"metanetx.chemical":"MNXM10019",
"origin":"iMK1208"
}
},
{
"id":"thr__L_c",
"name":"L-Threonine",
"compartment":"c",
"charge":0,
"formula":"C4H9NO3",
"annotation":{
"bigg.metabolite":"thr__L_c",
"biocyc":"THR",
"chebi":"13175",
"kegg.compound":"C00188",
"metanetx.chemical":"MNXM3843",
"origin":"iMK1208"
}
},
{
"id":"met__L_c",
"name":"L-Methionine",
"compartment":"c",
"charge":0,
"formula":"C5H11NO2S",
"annotation":{
"bigg.metabolite":"met__L_c",
"biocyc":"MET",
"chebi":"13141",
"kegg.compound":"C00073",
"metanetx.chemical":"MNXM1223",
"origin":"iMK1208"
}
},
{
"id":"cys__L_c",
"name":"L-Cysteine",
"compartment":"c",
"charge":0,
"formula":"C3H7NO2S",
"annotation":{
"bigg.metabolite":"cys__L_c",
"biocyc":"CYS",
"chebi":"13095",
"kegg.compound":"C00097",
"metanetx.chemical":"MNXM212",
"origin":"iMK1208"
}
},
{
"id":"lys__L_c",
"name":"L-Lysine",
"compartment":"c",
"charge":1,
"formula":"C6H15N2O2",
"annotation":{
"bigg.metabolite":"lys__L_c",
"biocyc":"LYS",
"chebi":"13135",
"kegg.compound":"C00047",
"metanetx.chemical":"MNXM658",
"origin":"iMK1208"
}
},
{
"id":"arg__L_c",
"name":"L-Arginine",
"compartment":"c",
"charge":1,
"formula":"C6H15N4O2",
"annotation":{
"bigg.metabolite":"arg__L_c",
"biocyc":"ARG",
"chebi":"13077",
"kegg.compound":"C00062",
"metanetx.chemical":"MNXM478",
"origin":"iMK1208"
}
},
{
"id":"his__L_c",
"name":"L-Histidine",
"compartment":"c",
"charge":0,
"formula":"C6H9N3O2",
"annotation":{
"bigg.metabolite":"his__L_c",
"biocyc":"HIS",
"chebi":"13117",
"kegg.compound":"C00135",
"metanetx.chemical":"MNXM147",
"origin":"iMK1208"
}
},
{
"id":"pro__L_c",
"name":"L-Proline",
"compartment":"c",
"charge":0,
"formula":"C5H9NO2",
"annotation":{
"bigg.metabolite":"pro__L_c",
"biocyc":"PRO",
"chebi":"13154",
"kegg.compound":"C00148",
"metanetx.chemical":"MNXM1602",
"origin":"iMK1208"
}
},
{
"id":"phe__L_c",
"name":"L-Phenylalanine",
"compartment":"c",
"charge":0,
"formula":"C9H11NO2",
"annotation":{
"bigg.metabolite":"phe__L_c",
"biocyc":"PHE",
"chebi":"13151",
"kegg.compound":"C00079",
"metanetx.chemical":"MNXM658",
"origin":"iMK1208"
}
},
{
"id":"tyr__L_c",
"name":"L-Tyrosine",
"compartment":"c",
"charge":0,
"formula":"C9H11NO3",
"annotation":{
"bigg.metabolite":"tyr__L_c",
"biocyc":"TYR",
"chebi":"13181",
"kegg.compound":"C00082",
"metanetx.chemical":"MNXM96506",
"origin":"iMK1208"
}
},
{
"id":"trp__L_c",
"name":"L-Tryptophan",
"compartment":"c",
"charge":0,
"formula":"C11H12N2O2",
"annotation":{
"bigg.metabolite":"trp__L_c",
"biocyc":"TRP",
"chebi":"13178",
"kegg.compound":"C00078",
"metanetx.chemical":"MNXM3843",
"origin":"iMK1208"
}
},
{
"id":"malcoa_c",
"name":"Malonyl-CoA",
"compartment":"c",
"charge":-5,
"formula":"C24H33N7O19P3S",
"annotation":{
"bigg.metabolite":"malcoa_c",
"biocyc":"MALONYL-COA",
"chebi":"14565",
"kegg.compound":"C00083",
"metanetx.chemical":"MNXM40",
"origin":"iMK1208"
}
},
{
"id":"coa_c",
"name":"Coenzyme A",
"compartment":"c",
"charge":-4,
"formula":"C21H32N7O16P3S",
"annotation":{
"bigg.metabolite":"coa_c",
"biocyc":"CO-A",
"chebi":"13294",
"kegg.compound":"C00010",
"metanetx.chemical":"MNXM12",
"origin":"iMK1208"
}
},
{
"id":"co2_c",
"name":"CO2",
"compartment":"c",
"charge":0,
"formula":"CO2",
"annotation":{
"bigg.metabolite":"co2_c",
"biocyc":"CARBON-DIOXIDE",
"chebi":"13282",
"kegg.compound":"C00011",
"metanetx.chemical":"MNXM90191",
"origin":"iMK1208"
}
},
{
"id":"T1PKS_0",
"name":"T1PKS",
"compartment":"d",
"formula":"unknown"
},
{
"id":"T1PKS_1",
"name":"T1PKS",
"compartment":"d",
"formula":"unknown"
},
{
"id":"T1PKS_2",
"name":"T1PKS",
"compartment":"d",
"formula":"unknown"
},
{
"id":"h2o_c",
"name":"H2O",
"compartment":"c",
"charge":0,
"formula":"H2O",
"annotation":{
"bigg.metabolite":"h2o_c",
"biocyc":"WATER",
"chebi":"10743",
"kegg.compound":"C00001",
"metanetx.chemical":"MNXM4940",
"origin":"iMK1208"
}
},
{
"id":"T1PKS_3",
"name":"T1PKS",
"compartment":"d",
"formula":"unknown"
},
{
"id":"nadph_c",
"name":"Nicotinamide adenine dinucleotide phosphate - reduced",
"compartment":"c",
"charge":-4,
"formula":"C21H26N7O17P3",
"annotation":{
"bigg.metabolite":"nadph_c",
"biocyc":"NADPH",
"chebi":"13392",
"kegg.compound":"C00005",
"metanetx.chemical":"MNXM6",
"origin":"iMK1208"
}
},
{
"id":"h_c",
"name":"H+",
"compartment":"c",
"charge":1,
"formula":"H",
"annotation":{
"bigg.metabolite":"h_c",
"biocyc":"PROTON",
"chebi":"10744",
"kegg.compound":"C00080",
"metanetx.chemical":"MNXM1",
"origin":"iMK1208"
}
},
{
"id":"nadp_c",
"name":"Nicotinamide adenine dinucleotide phosphate",
"compartment":"c",
"charge":-3,
"formula":"C21H25N7O17P3",
"annotation":{
"bigg.metabolite":"nadp_c",
"biocyc":"NADP",
"chebi":"13390",
"kegg.compound":"C00006",
"metanetx.chemical":"MNXM5",
"origin":"iMK1208"
}
},
{
"id":"T1PKS_4",
"name":"T1PKS",
"compartment":"d",
"formula":"unknown"
},
{
"id":"T1PKS_5",
"name":"T1PKS",
"compartment":"d",
"formula":"unknown"
},
{
"id":"T1PKS_6",
"name":"T1PKS",
"compartment":"d",
"formula":"unknown"
},
{
"id":"emcoa__S_c",
"name":"Ethylmalonyl-CoA",
"compartment":"c",
"formula":"unknown"
},
{
"id":"T1PKS_7",
"name":"T1PKS",
"compartment":"d",
"formula":"unknown"
},
{
"id":"T1PKS_8",
"name":"T1PKS",
"compartment":"d",
"formula":"unknown"
},
{
"id":"T1PKS_9",
"name":"T1PKS",
"compartment":"d",
"formula":"unknown"
},
{
"id":"T1PKS_10",
"name":"T1PKS",
"compartment":"d",
"formula":"unknown"
},
{
"id":"T1PKS_11",
"name":"T1PKS",
"compartment":"d",
"formula":"unknown"
},
{
"id":"T1PKS_12",
"name":"T1PKS",
"compartment":"d",
"formula":"unknown"
},
{
"id":"T1PKS_13",
"name":"T1PKS",
"compartment":"d",
"formula":"unknown"
},
{
"id":"T1PKS_14",
"name":"T1PKS",
"compartment":"d",
"formula":"unknown"
},
{
"id":"T1PKS_15",
"name":"T1PKS",
"compartment":"d",
"formula":"unknown"
},
{
"id":"T1PKS_16",
"name":"T1PKS",
"compartment":"d",
"formula":"unknown"
},
{
"id":"T1PKS_17",
"name":"T1PKS",
"compartment":"d",
"formula":"unknown"
},
{
"id":"T1PKS_18",
"name":"T1PKS",
"compartment":"d",
"formula":"unknown"
},
{
"id":"T1PKS_19",
"name":"T1PKS",
"compartment":"d",
"formula":"unknown"
},
{
"id":"T1PKS_20",
"name":"T1PKS",
"compartment":"d",
"formula":"unknown"
},
{
"id":"T1PKS_21",
"name":"T1PKS",
"compartment":"d",
"formula":"unknown"
},
{
"id":"T1PKS_22",
"name":"T1PKS",
"compartment":"d",
"formula":"unknown"
},
{
"id":"T1PKS_23",
"name":"T1PKS",
"compartment":"d",
"formula":"unknown"
},
{
"id":"T1PKS_24",
"name":"T1PKS",
"compartment":"d",
"formula":"unknown"
},
{
"id":"T1PKS_25",
"name":"T1PKS",
"compartment":"d",
"formula":"unknown"
},
{
"id":"T1PKS_26",
"name":"T1PKS",
"compartment":"d",
"formula":"unknown"
},
{
"id":"T1PKS_27",
"name":"T1PKS",
"compartment":"d",
"formula":"unknown"
},
{
"id":"T1PKS_28",
"name":"T1PKS",
"compartment":"d",
"formula":"unknown"
},
{
"id":"T1PKS_29",
"name":"T1PKS",
"compartment":"d",
"formula":"unknown"
},
{
"id":"mmcoa__R_c",
"name":"(R)-Methylmalonyl-CoA",
"compartment":"c",
"charge":-5,
"formula":"C25H35N7O19P3S",
"annotation":{
"bigg.metabolite":"mmcoa__R_c",
"biocyc":"METHYL-MALONYL-COA",
"chebi":"10976",
"kegg.compound":"C01213",
"metanetx.chemical":"MNXM608",
"origin":"iMK1208"
}
},
{
"id":"T1PKS_30",
"name":"T1PKS",
"compartment":"d",
"formula":"unknown"
},
{
"id":"T1PKS_31",
"name":"T1PKS",
"compartment":"d",
"formula":"unknown"
},
{
"id":"T1PKS_32",
"name":"T1PKS",
"compartment":"d",
"formula":"unknown"
},
{
"id":"T1PKS_33",
"name":"T1PKS",
"compartment":"d",
"formula":"unknown"
},
{
"id":"T1PKS_34",
"name":"T1PKS",
"compartment":"d",
"formula":"unknown"
},
{
"id":"T1PKS_35",
"name":"T1PKS",
"compartment":"d",
"formula":"unknown"
},
{
"id":"T1PKS_36",
"name":"T1PKS",
"compartment":"d",
"formula":"unknown"
},
{
"id":"T1PKS_37",
"name":"T1PKS",
"compartment":"d",
"formula":"unknown"
},
{
"id":"T1PKS_38",
"name":"T1PKS",
"compartment":"d",
"formula":"unknown"
},
{
"id":"T1PKS_39",
"name":"T1PKS",
"compartment":"d",
"formula":"unknown"
},
{
"id":"T1PKS_40",
"name":"T1PKS",
"compartment":"d",
"formula":"unknown"
},
{
"id":"T1PKS_41",
"name":"T1PKS",
"compartment":"d",
"formula":"unknown"
},
{
"id":"T1PKS_42",
"name":"T1PKS",
"compartment":"d",
"formula":"unknown"
},
{
"id":"T1PKS_43",
"name":"T1PKS",
"compartment":"d",
"formula":"unknown"
},
{
"id":"T1PKS_44",
"name":"T1PKS",
"compartment":"d",
"formula":"unknown"
},
{
"id":"T1PKS_45",
"name":"T1PKS",
"compartment":"d",
"formula":"unknown"
},
{
"id":"T1PKS_46",
"name":"T1PKS",
"compartment":"d",
"formula":"unknown"
},
{
"id":"T1PKS_47",
"name":"T1PKS",
"compartment":"d",
"formula":"unknown"
},
{
"id":"T1PKS_48",
"name":"T1PKS",
"compartment":"d",
"formula":"unknown"
},
{
"id":"T1PKS_49",
"name":"T1PKS",
"compartment":"d",
"formula":"unknown"
},
{
"id":"T1PKS_50",
"name":"T1PKS",
"compartment":"d",
"formula":"unknown"
},
{
"id":"T1PKS_51",
"name":"T1PKS",
"compartment":"d",
"formula":"unknown"
},
{
"id":"T1PKS_52",
"name":"T1PKS",
"compartment":"d",
"formula":"unknown"
},
{
"id":"T1PKS_53",
"name":"T1PKS",
"compartment":"d",
"formula":"unknown"
},
{
"id":"T1PKS_54",
"name":"T1PKS",
"compartment":"d",
"formula":"unknown"
},
{
"id":"T1PKS_55",
"name":"T1PKS",
"compartment":"d",
"formula":"unknown"
},
{
"id":"T1PKS_56",
"name":"T1PKS",
"compartment":"d",
"formula":"unknown"
},
{
"id":"T1PKS_57",
"name":"T1PKS",
"compartment":"d",
"formula":"unknown"
},
{
"id":"atp_c",
"name":"ATP",
"compartment":"c",
"charge":-4,
"formula":"C10H12N5O13P3",
"annotation":{
"bigg.metabolite":"atp_c",
"biocyc":"ATP",
"chebi":"10789",
"kegg.compound":"C00002",
"metanetx.chemical":"MNXM4232",
"origin":"iMK1208"
}
},
{
"id":"amp_c",
"name":"AMP",
"compartment":"c",
"charge":-2,
"formula":"C10H12N5O7P",
"annotation":{
"bigg.metabolite":"amp_c",
"biocyc":"CPD0-1139",
"chebi":"12056",
"kegg.compound":"C00020",
"metanetx.chemical":"MNXM91047",
"origin":"iMK1208"
}
},
{
"id":"ppi_c",
"name":"Diphosphate",
"compartment":"c",
"charge":-3,
"formula":"HO7P2",
"annotation":{
"bigg.metabolite":"ppi_c",
"biocyc":"PYROPHOSPHATE-GROUP",
"chebi":"13420",
"kegg.compound":"C00013",
"metanetx.chemical":"MNXM11",
"origin":"iMK1208"
}
},
{
"id":"T1PKS_58",
"name":"T1PKS",
"compartment":"c",
"formula":"unknown"
},
{
"id":"g6p_c",
"name":"D-Glucose 6-phosphate",
"compartment":"c",
"charge":-2,
"formula":"C6H11O9P",
"annotation":{
"bigg.metabolite":"g6p_c",
"biocyc":"D-glucopyranose-6-phosphate",
"chebi":"4170",
"kegg.compound":"C00092",
"metanetx.chemical":"MNXM160",
"origin":"iMK1208"
}
},
{
"id":"pi_c",
"name":"Phosphate",
"compartment":"c",
"charge":-2,
"formula":"HO4P",
"annotation":{
"bigg.metabolite":"pi_c",
"biocyc":"Pi",
"chebi":"14791",
"kegg.compound":"C00009",
"metanetx.chemical":"MNXM90279",
"origin":"iMK1208"
}
},
{
"id":"T1PKS_59",
"name":"T1PKS",
"compartment":"d",
"formula":"unknown"
}
],
"reactions":[
{
"id":"gly_to_X",
"name":"Convert known to unknown_amino_acid",
"metabolites":{
"X_c":1,
"gly_c":-1
},
"lower_bound":0.0,
"upper_bound":1000.0,
"gene_reaction_rule":""
},
{
"id":"ala_to_X",
"name":"Convert known to unknown_amino_acid",
"metabolites":{
"X_c":1,
"ala__L_c":-1
},
"lower_bound":0.0,
"upper_bound":1000.0,
"gene_reaction_rule":""
},
{
"id":"val_to_X",
"name":"Convert known to unknown_amino_acid",
"metabolites":{
"X_c":1,
"val__L_c":-1
},
"lower_bound":0.0,
"upper_bound":1000.0,
"gene_reaction_rule":""
},
{
"id":"leu_to_X",
"name":"Convert known to unknown_amino_acid",
"metabolites":{
"X_c":1,
"leu__L_c":-1
},
"lower_bound":0.0,
"upper_bound":1000.0,
"gene_reaction_rule":""
},
{
"id":"ile_to_X",
"name":"Convert known to unknown_amino_acid",
"metabolites":{
"X_c":1,
"ile__L_c":-1
},
"lower_bound":0.0,
"upper_bound":1000.0,
"gene_reaction_rule":""
},
{
"id":"asp_to_X",
"name":"Convert known to unknown_amino_acid",
"metabolites":{
"X_c":1,
"asp__L_c":-1
},
"lower_bound":0.0,
"upper_bound":1000.0,
"gene_reaction_rule":""
},
{
"id":"asn_to_X",
"name":"Convert known to unknown_amino_acid",
"metabolites":{
"X_c":1,
"asn__L_c":-1
},
"lower_bound":0.0,
"upper_bound":1000.0,
"gene_reaction_rule":""
},
{
"id":"glu_to_X",
"name":"Convert known to unknown_amino_acid",
"metabolites":{
"X_c":1,
"glu__L_c":-1
},
"lower_bound":0.0,
"upper_bound":1000.0,
"gene_reaction_rule":""
},
{
"id":"gln_to_X",
"name":"Convert known to unknown_amino_acid",
"metabolites":{
"X_c":1,
"gln__L_c":-1
},
"lower_bound":0.0,
"upper_bound":1000.0,
"gene_reaction_rule":""
},
{
"id":"ser_to_X",
"name":"Convert known to unknown_amino_acid",
"metabolites":{
"X_c":1,
"ser__L_c":-1
},
"lower_bound":0.0,
"upper_bound":1000.0,
"gene_reaction_rule":""
},
{
"id":"thr_to_X",
"name":"Convert known to unknown_amino_acid",
"metabolites":{
"X_c":1,
"thr__L_c":-1
},
"lower_bound":0.0,
"upper_bound":1000.0,
"gene_reaction_rule":""
},
{
"id":"met_to_X",
"name":"Convert known to unknown_amino_acid",
"metabolites":{
"X_c":1,
"met__L_c":-1
},
"lower_bound":0.0,
"upper_bound":1000.0,
"gene_reaction_rule":""
},
{
"id":"cys_to_X",
"name":"Convert known to unknown_amino_acid",
"metabolites":{
"X_c":1,
"cys__L_c":-1
},
"lower_bound":0.0,
"upper_bound":1000.0,
"gene_reaction_rule":""
},
{
"id":"lys_to_X",
"name":"Convert known to unknown_amino_acid",
"metabolites":{
"X_c":1,
"lys__L_c":-1
},
"lower_bound":0.0,
"upper_bound":1000.0,
"gene_reaction_rule":""
},
{
"id":"arg_to_X",
"name":"Convert known to unknown_amino_acid",
"metabolites":{
"X_c":1,
"arg__L_c":-1
},
"lower_bound":0.0,
"upper_bound":1000.0,
"gene_reaction_rule":""
},
{
"id":"his_to_X",
"name":"Convert known to unknown_amino_acid",
"metabolites":{
"X_c":1,
"his__L_c":-1
},
"lower_bound":0.0,
"upper_bound":1000.0,
"gene_reaction_rule":""
},
{
"id":"pro_to_X",
"name":"Convert known to unknown_amino_acid",
"metabolites":{
"X_c":1,
"pro__L_c":-1
},
"lower_bound":0.0,
"upper_bound":1000.0,
"gene_reaction_rule":""
},
{
"id":"phe_to_X",
"name":"Convert known to unknown_amino_acid",
"metabolites":{
"X_c":1,
"phe__L_c":-1
},
"lower_bound":0.0,
"upper_bound":1000.0,
"gene_reaction_rule":""
},
{
"id":"tyr_to_X",
"name":"Convert known to unknown_amino_acid",
"metabolites":{
"X_c":1,
"tyr__L_c":-1
},
"lower_bound":0.0,
"upper_bound":1000.0,
"gene_reaction_rule":""
},
{
"id":"trp_to_X",
"name":"Convert known to unknown_amino_acid",
"metabolites":{
"X_c":1,
"trp__L_c":-1
},
"lower_bound":0.0,
"upper_bound":1000.0,
"gene_reaction_rule":""
},
{
"id":"T1PKS_1",
"name":"T1PKS_reaction_1",
"metabolites":{
"T1PKS_0":-1,
"T1PKS_1":1,
"co2_c":1,
"coa_c":1,
"malcoa_c":-1
},
"lower_bound":0.0,
"upper_bound":1000.0,
"gene_reaction_rule":""
},
{
"id":"T1PKS_2",
"name":"T1PKS_reaction_2",
"metabolites":{
"T1PKS_1":-1,
"T1PKS_2":1,
"co2_c":1,
"coa_c":1,
"malcoa_c":-1
},
"lower_bound":0.0,
"upper_bound":1000.0,
"gene_reaction_rule":""
},
{
"id":"T1PKS_3",
"name":"T1PKS_reaction_3",
"metabolites":{
"T1PKS_2":-1,
"T1PKS_3":1,
"h2o_c":1.0
},
"lower_bound":0.0,
"upper_bound":1000.0,
"gene_reaction_rule":""
},
{
"id":"T1PKS_4",
"name":"T1PKS_reaction_4",
"metabolites":{
"T1PKS_3":-1,
"T1PKS_4":1,
"h_c":-1.0,
"nadp_c":1.0,
"nadph_c":-1.0
},
"lower_bound":0.0,
"upper_bound":1000.0,
"gene_reaction_rule":""
},
{
"id":"T1PKS_5",
"name":"T1PKS_reaction_5",
"metabolites":{
"T1PKS_4":-1,
"T1PKS_5":1,
"co2_c":1,
"coa_c":1,
"malcoa_c":-1
},
"lower_bound":0.0,
"upper_bound":1000.0,
"gene_reaction_rule":""
},
{
"id":"T1PKS_6",
"name":"T1PKS_reaction_6",
"metabolites":{
"T1PKS_5":-1,
"T1PKS_6":1,
"h_c":-1.0,
"nadp_c":1.0,
"nadph_c":-1.0
},
"lower_bound":0.0,
"upper_bound":1000.0,
"gene_reaction_rule":""
},
{
"id":"T1PKS_7",
"name":"T1PKS_reaction_7",
"metabolites":{
"T1PKS_6":-1,
"T1PKS_7":1,
"co2_c":1,
"coa_c":1,
"emcoa__S_c":-1
},
"lower_bound":0.0,
"upper_bound":1000.0,
"gene_reaction_rule":""
},
{
"id":"T1PKS_8",
"name":"T1PKS_reaction_8",
"metabolites":{
"T1PKS_7":-1,
"T1PKS_8":1,
"h_c":-1.0,
"nadp_c":1.0,
"nadph_c":-1.0
},
"lower_bound":0.0,
"upper_bound":1000.0,
"gene_reaction_rule":""
},
{
"id":"T1PKS_9",
"name":"T1PKS_reaction_9",
"metabolites":{
"T1PKS_8":-1,
"T1PKS_9":1,
"co2_c":1,
"coa_c":1,
"malcoa_c":-1
},
"lower_bound":0.0,
"upper_bound":1000.0,
"gene_reaction_rule":""
},
{
"id":"T1PKS_10",
"name":"T1PKS_reaction_10",
"metabolites":{
"T1PKS_10":1,
"T1PKS_9":-1,
"h_c":-1.0,
"nadp_c":1.0,
"nadph_c":-1.0
},
"lower_bound":0.0,
"upper_bound":1000.0,
"gene_reaction_rule":""
},
{
"id":"T1PKS_11",
"name":"T1PKS_reaction_11",
"metabolites":{
"T1PKS_10":-1,
"T1PKS_11":1,
"co2_c":1,
"coa_c":1,
"malcoa_c":-1
},
"lower_bound":0.0,
"upper_bound":1000.0,
"gene_reaction_rule":""
},
{
"id":"T1PKS_12",
"name":"T1PKS_reaction_12",
"metabolites":{
"T1PKS_11":-1,
"T1PKS_12":1,
"co2_c":1,
"coa_c":1,
"malcoa_c":-1
},
"lower_bound":0.0,
"upper_bound":1000.0,
"gene_reaction_rule":""
},
{
"id":"T1PKS_13",
"name":"T1PKS_reaction_13",
"metabolites":{
"T1PKS_12":-1,
"T1PKS_13":1,
"h_c":-1.0,
"nadp_c":1.0,
"nadph_c":-1.0
},
"lower_bound":0.0,
"upper_bound":1000.0,
"gene_reaction_rule":""
},
{
"id":"T1PKS_14",
"name":"T1PKS_reaction_14",
"metabolites":{
"T1PKS_13":-1,
"T1PKS_14":1,
"co2_c":1,
"coa_c":1,
"malcoa_c":-1
},
"lower_bound":0.0,
"upper_bound":1000.0,
"gene_reaction_rule":""
},
{
"id":"T1PKS_15",
"name":"T1PKS_reaction_15",
"metabolites":{
"T1PKS_14":-1,
"T1PKS_15":1,
"h2o_c":1.0
},
"lower_bound":0.0,
"upper_bound":1000.0,
"gene_reaction_rule":""
},
{
"id":"T1PKS_16",
"name":"T1PKS_reaction_16",
"metabolites":{
"T1PKS_15":-1,
"T1PKS_16":1,
"h_c":-1.0,
"nadp_c":1.0,
"nadph_c":-1.0
},
"lower_bound":0.0,
"upper_bound":1000.0,
"gene_reaction_rule":""
},
{
"id":"T1PKS_17",
"name":"T1PKS_reaction_17",
"metabolites":{
"T1PKS_16":-1,
"T1PKS_17":1,
"h_c":-1.0,
"nadp_c":1.0,
"nadph_c":-1.0
},
"lower_bound":0.0,
"upper_bound":1000.0,
"gene_reaction_rule":""
},
{
"id":"T1PKS_18",
"name":"T1PKS_reaction_18",
"metabolites":{
"T1PKS_17":-1,
"T1PKS_18":1,
"co2_c":1,
"coa_c":1,
"malcoa_c":-1
},
"lower_bound":0.0,
"upper_bound":1000.0,
"gene_reaction_rule":""
},
{
"id":"T1PKS_19",
"name":"T1PKS_reaction_19",
"metabolites":{
"T1PKS_18":-1,
"T1PKS_19":1,
"h2o_c":1.0
},
"lower_bound":0.0,
"upper_bound":1000.0,
"gene_reaction_rule":""
},
{
"id":"T1PKS_20",
"name":"T1PKS_reaction_20",
"metabolites":{
"T1PKS_19":-1,
"T1PKS_20":1,
"h_c":-1.0,
"nadp_c":1.0,
"nadph_c":-1.0
},
"lower_bound":0.0,
"upper_bound":1000.0,
"gene_reaction_rule":""
},
{
"id":"T1PKS_21",
"name":"T1PKS_reaction_21",
"metabolites":{
"T1PKS_20":-1,
"T1PKS_21":1,
"h_c":-1.0,
"nadp_c":1.0,
"nadph_c":-1.0
},
"lower_bound":0.0,
"upper_bound":1000.0,
"gene_reaction_rule":""
},
{
"id":"T1PKS_22",
"name":"T1PKS_reaction_22",
"metabolites":{
"T1PKS_21":-1,
"T1PKS_22":1,
"co2_c":1,
"coa_c":1,
"malcoa_c":-1
},
"lower_bound":0.0,
"upper_bound":1000.0,
"gene_reaction_rule":""
},
{
"id":"T1PKS_23",
"name":"T1PKS_reaction_23",
"metabolites":{
"T1PKS_22":-1,
"T1PKS_23":1,
"co2_c":1,
"coa_c":1,
"malcoa_c":-1
},
"lower_bound":0.0,
"upper_bound":1000.0,
"gene_reaction_rule":""
},
{
"id":"T1PKS_24",
"name":"T1PKS_reaction_24",
"metabolites":{
"T1PKS_23":-1,
"T1PKS_24":1,
"h2o_c":1.0
},
"lower_bound":0.0,
"upper_bound":1000.0,
"gene_reaction_rule":""
},
{
"id":"T1PKS_25",
"name":"T1PKS_reaction_25",
"metabolites":{
"T1PKS_24":-1,
"T1PKS_25":1,
"h_c":-1.0,
"nadp_c":1.0,
"nadph_c":-1.0
},
"lower_bound":0.0,
"upper_bound":1000.0,
"gene_reaction_rule":""
},
{
"id":"T1PKS_26",
"name":"T1PKS_reaction_26",
"metabolites":{
"T1PKS_25":-1,
"T1PKS_26":1,
"h_c":-1.0,
"nadp_c":1.0,
"nadph_c":-1.0
},
"lower_bound":0.0,
"upper_bound":1000.0,
"gene_reaction_rule":""
},
{
"id":"T1PKS_27",
"name":"T1PKS_reaction_27",
"metabolites":{
"T1PKS_26":-1,
"T1PKS_27":1,
"co2_c":1,
"coa_c":1,
"malcoa_c":-1
},
"lower_bound":0.0,
"upper_bound":1000.0,
"gene_reaction_rule":""
},
{
"id":"T1PKS_28",
"name":"T1PKS_reaction_28",
"metabolites":{
"T1PKS_27":-1,
"T1PKS_28":1,
"h2o_c":1.0
},
"lower_bound":0.0,
"upper_bound":1000.0,
"gene_reaction_rule":""
},
{
"id":"T1PKS_29",
"name":"T1PKS_reaction_29",
"metabolites":{
"T1PKS_28":-1,
"T1PKS_29":1,
"h_c":-1.0,
"nadp_c":1.0,
"nadph_c":-1.0
},
"lower_bound":0.0,
"upper_bound":1000.0,
"gene_reaction_rule":""
},
{
"id":"T1PKS_30",
"name":"T1PKS_reaction_30",
"metabolites":{
"T1PKS_29":-1,
"T1PKS_30":1,
"co2_c":1,
"coa_c":1,
"mmcoa__R_c":-1
},
"lower_bound":0.0,
"upper_bound":1000.0,
"gene_reaction_rule":""
},
{
"id":"T1PKS_31",
"name":"T1PKS_reaction_31",
"metabolites":{
"T1PKS_30":-1,
"T1PKS_31":1,
"h_c":-1.0,
"nadp_c":1.0,
"nadph_c":-1.0
},
"lower_bound":0.0,
"upper_bound":1000.0,
"gene_reaction_rule":""
},
{
"id":"T1PKS_32",
"name":"T1PKS_reaction_32",
"metabolites":{
"T1PKS_31":-1,
"T1PKS_32":1,
"co2_c":1,
"coa_c":1,
"mmcoa__R_c":-1
},
"lower_bound":0.0,
"upper_bound":1000.0,
"gene_reaction_rule":""
},
{
"id":"T1PKS_33",
"name":"T1PKS_reaction_33",
"metabolites":{
"T1PKS_32":-1,
"T1PKS_33":1,
"h2o_c":1.0
},
"lower_bound":0.0,
"upper_bound":1000.0,
"gene_reaction_rule":""
},
{
"id":"T1PKS_34",
"name":"T1PKS_reaction_34",
"metabolites":{
"T1PKS_33":-1,
"T1PKS_34":1,
"h_c":-1.0,
"nadp_c":1.0,
"nadph_c":-1.0
},
"lower_bound":0.0,
"upper_bound":1000.0,
"gene_reaction_rule":""
},
{
"id":"T1PKS_35",
"name":"T1PKS_reaction_35",
"metabolites":{
"T1PKS_34":-1,
"T1PKS_35":1,
"h_c":-1.0,
"nadp_c":1.0,
"nadph_c":-1.0
},
"lower_bound":0.0,
"upper_bound":1000.0,
"gene_reaction_rule":""
},
{
"id":"T1PKS_36",
"name":"T1PKS_reaction_36",
"metabolites":{
"T1PKS_35":-1,
"T1PKS_36":1,
"co2_c":1,
"coa_c":1,
"mmcoa__R_c":-1
},
"lower_bound":0.0,
"upper_bound":1000.0,
"gene_reaction_rule":""
},
{
"id":"T1PKS_37",
"name":"T1PKS_reaction_37",
"metabolites":{
"T1PKS_36":-1,
"T1PKS_37":1,
"h2o_c":1.0
},
"lower_bound":0.0,
"upper_bound":1000.0,
"gene_reaction_rule":""
},
{
"id":"T1PKS_38",
"name":"T1PKS_reaction_38",
"metabolites":{
"T1PKS_37":-1,
"T1PKS_38":1,
"h_c":-1.0,
"nadp_c":1.0,
"nadph_c":-1.0
},
"lower_bound":0.0,
"upper_bound":1000.0,
"gene_reaction_rule":""
},
{
"id":"T1PKS_39",
"name":"T1PKS_reaction_39",
"metabolites":{
"T1PKS_38":-1,
"T1PKS_39":1,
"co2_c":1,
"coa_c":1,
"malcoa_c":-1
},
"lower_bound":0.0,
"upper_bound":1000.0,
"gene_reaction_rule":""
},
{
"id":"T1PKS_40",
"name":"T1PKS_reaction_40",
"metabolites":{
"T1PKS_39":-1,
"T1PKS_40":1,
"h2o_c":1.0
},
"lower_bound":0.0,
"upper_bound":1000.0,
"gene_reaction_rule":""
},
{
"id":"T1PKS_41",
"name":"T1PKS_reaction_41",
"metabolites":{
"T1PKS_40":-1,
"T1PKS_41":1,
"h_c":-1.0,
"nadp_c":1.0,
"nadph_c":-1.0
},
"lower_bound":0.0,
"upper_bound":1000.0,
"gene_reaction_rule":""
},
{
"id":"T1PKS_42",
"name":"T1PKS_reaction_42",
"metabolites":{
"T1PKS_41":-1,
"T1PKS_42":1,
"co2_c":1,
"coa_c":1,
"malcoa_c":-1
},
"lower_bound":0.0,
"upper_bound":1000.0,
"gene_reaction_rule":""
},
{
"id":"T1PKS_43",
"name":"T1PKS_reaction_43",
"metabolites":{
"T1PKS_42":-1,
"T1PKS_43":1,
"h2o_c":1.0
},
"lower_bound":0.0,
"upper_bound":1000.0,
"gene_reaction_rule":""
},
{
"id":"T1PKS_44",
"name":"T1PKS_reaction_44",
"metabolites":{
"T1PKS_43":-1,
"T1PKS_44":1,
"h_c":-1.0,
"nadp_c":1.0,
"nadph_c":-1.0
},
"lower_bound":0.0,
"upper_bound":1000.0,
"gene_reaction_rule":""
},
{
"id":"T1PKS_45",
"name":"T1PKS_reaction_45",
"metabolites":{
"T1PKS_44":-1,
"T1PKS_45":1,
"co2_c":1,
"coa_c":1,
"malcoa_c":-1
},
"lower_bound":0.0,
"upper_bound":1000.0,
"gene_reaction_rule":""
},
{
"id":"T1PKS_46",
"name":"T1PKS_reaction_46",
"metabolites":{
"T1PKS_45":-1,
"T1PKS_46":1,
"h2o_c":1.0
},
"lower_bound":0.0,
"upper_bound":1000.0,
"gene_reaction_rule":""
},
{
"id":"T1PKS_47",
"name":"T1PKS_reaction_47",
"metabolites":{
"T1PKS_46":-1,
"T1PKS_47":1,
"h_c":-1.0,
"nadp_c":1.0,
"nadph_c":-1.0
},
"lower_bound":0.0,
"upper_bound":1000.0,
"gene_reaction_rule":""
},
{
"id":"T1PKS_48",
"name":"T1PKS_reaction_48",
"metabolites":{
"T1PKS_47":-1,
"T1PKS_48":1,
"co2_c":1,
"coa_c":1,
"malcoa_c":-1
},
"lower_bound":0.0,
"upper_bound":1000.0,
"gene_reaction_rule":""
},
{
"id":"T1PKS_49",
"name":"T1PKS_reaction_49",
"metabolites":{
"T1PKS_48":-1,
"T1PKS_49":1,
"h2o_c":1.0
},
"lower_bound":0.0,
"upper_bound":1000.0,
"gene_reaction_rule":""
},
{
"id":"T1PKS_50",
"name":"T1PKS_reaction_50",
"metabolites":{
"T1PKS_49":-1,
"T1PKS_50":1,
"h_c":-1.0,
"nadp_c":1.0,
"nadph_c":-1.0
},
"lower_bound":0.0,
"upper_bound":1000.0,
"gene_reaction_rule":""
},
{
"id":"T1PKS_51",
"name":"T1PKS_reaction_51",
"metabolites":{
"T1PKS_50":-1,
"T1PKS_51":1,
"co2_c":1,
"coa_c":1,
"malcoa_c":-1
},
"lower_bound":0.0,
"upper_bound":1000.0,
"gene_reaction_rule":""
},
{
"id":"T1PKS_52",
"name":"T1PKS_reaction_52",
"metabolites":{
"T1PKS_51":-1,
"T1PKS_52":1,
"h2o_c":1.0
},
"lower_bound":0.0,
"upper_bound":1000.0,
"gene_reaction_rule":""
},
{
"id":"T1PKS_53",
"name":"T1PKS_reaction_53",
"metabolites":{
"T1PKS_52":-1,
"T1PKS_53":1,
"h_c":-1.0,
"nadp_c":1.0,
"nadph_c":-1.0
},
"lower_bound":0.0,
"upper_bound":1000.0,
"gene_reaction_rule":""
},
{
"id":"T1PKS_54",
"name":"T1PKS_reaction_54",
"metabolites":{
"T1PKS_53":-1,
"T1PKS_54":1,
"co2_c":1,
"coa_c":1,
"malcoa_c":-1
},
"lower_bound":0.0,
"upper_bound":1000.0,
"gene_reaction_rule":""
},
{
"id":"T1PKS_55",
"name":"T1PKS_reaction_55",
"metabolites":{
"T1PKS_54":-1,
"T1PKS_55":1,
"h2o_c":1.0
},
"lower_bound":0.0,
"upper_bound":1000.0,
"gene_reaction_rule":""
},
{
"id":"T1PKS_56",
"name":"T1PKS_reaction_56",
"metabolites":{
"T1PKS_55":-1,
"T1PKS_56":1,
"h_c":-1.0,
"nadp_c":1.0,
"nadph_c":-1.0
},
"lower_bound":0.0,
"upper_bound":1000.0,
"gene_reaction_rule":""
},
{
"id":"T1PKS_57",
"name":"T1PKS_reaction_57",
"metabolites":{
"T1PKS_56":-1,
"T1PKS_57":1,
"co2_c":1,
"coa_c":1,
"malcoa_c":-1
},
"lower_bound":0.0,
"upper_bound":1000.0,
"gene_reaction_rule":""
},
{
"id":"T1PKS_58",
"name":"T1PKS_reaction_58",
"metabolites":{
"T1PKS_57":-1,
"T1PKS_58":1,
"X_c":-1,
"amp_c":1,
"atp_c":-1,
"ppi_c":1
},
"lower_bound":0.0,
"upper_bound":1000.0,
"gene_reaction_rule":""
},
{
"id":"T1PKS_59",
"name":"",
"metabolites":{
"T1PKS_58":-1.0,
"T1PKS_59":1.0,
"g6p_c":-1,
"h_c":1,
"pi_c":1
},
"lower_bound":0.0,
"upper_bound":1000.0,
"gene_reaction_rule":""
},
{
"id":"EX_secondary_metabolite",
"name":"T1PKS_reaction",
"metabolites":{
"T1PKS_59":-1.0
},
"lower_bound":0.0,
"upper_bound":1000.0,
"gene_reaction_rule":""
},
{
"id":"IN_T1PKS",
"name":"T1PKS_reaction",
"metabolites":{
"T1PKS_0":1.0
},
"lower_bound":0.0,
"upper_bound":1000.0,
"gene_reaction_rule":""
}
],
"genes":[],
"id":"BGC_name",
"compartments":{
"c":"",
"d":""
},
"version":"1"
}