{
"metabolites":[
{
"id":"malcoa_c",
"name":"Malonyl-CoA",
"compartment":"c",
"charge":-5,
"formula":"C24H33N7O19P3S",
"annotation":{
"bigg.metabolite":"malcoa_c",
"biocyc":"MALONYL-COA",
"chebi":"14565",
"kegg.compound":"C00083",
"metanetx.chemical":"MNXM40",
"origin":"iMK1208"
}
},
{
"id":"coa_c",
"name":"Coenzyme A",
"compartment":"c",
"charge":-4,
"formula":"C21H32N7O16P3S",
"annotation":{
"bigg.metabolite":"coa_c",
"biocyc":"CO-A",
"chebi":"13294",
"kegg.compound":"C00010",
"metanetx.chemical":"MNXM12",
"origin":"iMK1208"
}
},
{
"id":"co2_c",
"name":"CO2",
"compartment":"c",
"charge":0,
"formula":"CO2",
"annotation":{
"bigg.metabolite":"co2_c",
"biocyc":"CARBON-DIOXIDE",
"chebi":"13282",
"kegg.compound":"C00011",
"metanetx.chemical":"MNXM90191",
"origin":"iMK1208"
}
},
{
"id":"T1PKS_0",
"name":"T1PKS",
"compartment":"d",
"formula":"unknown"
},
{
"id":"T1PKS_1",
"name":"T1PKS",
"compartment":"d",
"formula":"unknown"
},
{
"id":"T1PKS_2",
"name":"T1PKS",
"compartment":"d",
"formula":"unknown"
},
{
"id":"mmcoa__R_c",
"name":"(R)-Methylmalonyl-CoA",
"compartment":"c",
"charge":-5,
"formula":"C25H35N7O19P3S",
"annotation":{
"bigg.metabolite":"mmcoa__R_c",
"biocyc":"METHYL-MALONYL-COA",
"chebi":"10976",
"kegg.compound":"C01213",
"metanetx.chemical":"MNXM608",
"origin":"iMK1208"
}
},
{
"id":"T1PKS_3",
"name":"T1PKS",
"compartment":"d",
"formula":"unknown"
},
{
"id":"h2o_c",
"name":"H2O",
"compartment":"c",
"charge":0,
"formula":"H2O",
"annotation":{
"bigg.metabolite":"h2o_c",
"biocyc":"WATER",
"chebi":"10743",
"kegg.compound":"C00001",
"metanetx.chemical":"MNXM4940",
"origin":"iMK1208"
}
},
{
"id":"T1PKS_4",
"name":"T1PKS",
"compartment":"d",
"formula":"unknown"
},
{
"id":"nadph_c",
"name":"Nicotinamide adenine dinucleotide phosphate - reduced",
"compartment":"c",
"charge":-4,
"formula":"C21H26N7O17P3",
"annotation":{
"bigg.metabolite":"nadph_c",
"biocyc":"NADPH",
"chebi":"13392",
"kegg.compound":"C00005",
"metanetx.chemical":"MNXM6",
"origin":"iMK1208"
}
},
{
"id":"h_c",
"name":"H+",
"compartment":"c",
"charge":1,
"formula":"H",
"annotation":{
"bigg.metabolite":"h_c",
"biocyc":"PROTON",
"chebi":"10744",
"kegg.compound":"C00080",
"metanetx.chemical":"MNXM1",
"origin":"iMK1208"
}
},
{
"id":"nadp_c",
"name":"Nicotinamide adenine dinucleotide phosphate",
"compartment":"c",
"charge":-3,
"formula":"C21H25N7O17P3",
"annotation":{
"bigg.metabolite":"nadp_c",
"biocyc":"NADP",
"chebi":"13390",
"kegg.compound":"C00006",
"metanetx.chemical":"MNXM5",
"origin":"iMK1208"
}
},
{
"id":"T1PKS_5",
"name":"T1PKS",
"compartment":"d",
"formula":"unknown"
},
{
"id":"T1PKS_6",
"name":"T1PKS",
"compartment":"d",
"formula":"unknown"
}
],
"reactions":[
{
"id":"T1PKS_1",
"name":"T1PKS_reaction_1",
"metabolites":{
"T1PKS_0":-1,
"T1PKS_1":1,
"co2_c":1,
"coa_c":1,
"malcoa_c":-1
},
"lower_bound":0.0,
"upper_bound":1000.0,
"gene_reaction_rule":""
},
{
"id":"T1PKS_2",
"name":"T1PKS_reaction_2",
"metabolites":{
"T1PKS_1":-1,
"T1PKS_2":1,
"co2_c":1,
"coa_c":1,
"malcoa_c":-1
},
"lower_bound":0.0,
"upper_bound":1000.0,
"gene_reaction_rule":""
},
{
"id":"T1PKS_3",
"name":"T1PKS_reaction_3",
"metabolites":{
"T1PKS_2":-1,
"T1PKS_3":1,
"co2_c":1,
"coa_c":1,
"mmcoa__R_c":-1
},
"lower_bound":0.0,
"upper_bound":1000.0,
"gene_reaction_rule":""
},
{
"id":"T1PKS_4",
"name":"T1PKS_reaction_4",
"metabolites":{
"T1PKS_3":-1,
"T1PKS_4":1,
"h2o_c":1.0
},
"lower_bound":0.0,
"upper_bound":1000.0,
"gene_reaction_rule":""
},
{
"id":"T1PKS_5",
"name":"T1PKS_reaction_5",
"metabolites":{
"T1PKS_4":-1,
"T1PKS_5":1,
"h_c":-1.0,
"nadp_c":1.0,
"nadph_c":-1.0
},
"lower_bound":0.0,
"upper_bound":1000.0,
"gene_reaction_rule":""
},
{
"id":"T1PKS_6",
"name":"T1PKS_reaction_6",
"metabolites":{
"T1PKS_5":-1,
"T1PKS_6":1,
"h_c":-1.0,
"nadp_c":1.0,
"nadph_c":-1.0
},
"lower_bound":0.0,
"upper_bound":1000.0,
"gene_reaction_rule":""
},
{
"id":"EX_secondary_metabolite",
"name":"T1PKS_reaction",
"metabolites":{
"T1PKS_6":-1.0
},
"lower_bound":0.0,
"upper_bound":1000.0,
"gene_reaction_rule":""
},
{
"id":"IN_T1PKS",
"name":"T1PKS_reaction",
"metabolites":{
"T1PKS_0":1.0
},
"lower_bound":0.0,
"upper_bound":1000.0,
"gene_reaction_rule":""
}
],
"genes":[],
"id":"BGC_name",
"compartments":{
"c":"",
"d":""
},
"version":"1"
}